CLESA,WP1,WR1,WP2,WR2,WP3,WR3,WP4,WR4,WP5,WR5,WP6,WR6,LP1,LR1,LP2,LR2,LP3,LR3,LP4,LR4,LP5,LR5,LP6,LR6,LP7,LR7,LP8,LR8,LP9,LR9,LP10,LR10,LP11,LR11,LP12,LR12,LP13,LR13,LP14,LR14,LP15,LR15,LP16,LR16,LP17,LR17,LP18,LR18,LP19,LR19,LP20,LR20,LP21,LR21,LP22,LR22,LP23,LR23,LP24,LR24,LP25,LR25,LP26,LR26,LP27,LR27,LP28,LR28,LP29,LR29,LP30,LR30,LP31,LR31,LP32,LR32,LP33,LR33,LP34,LR34,LP35,LR35,LP36,LR36,LP37,LR37,LP38,LR38,LP39,LR39,LP40,LR40,FLUENCY,ADEQUACY
0.9592645287193559,0.75,0.6,0.5714285714285714,0.4444444444444444,0.3333333333333333,0.25,0.2,0.14285714285714285,0.0,0.0,0.0,0.0,5.0,3.787878787878788,1.0612244897959184,0.8,0.7083333333333334,0.53125,0.6808510638297872,0.5079365079365079,0.6521739130434783,0.4838709677419355,0.6222222222222222,0.45901639344262296,0.5909090909090909,0.43333333333333335,0.5581395348837209,0.4067796610169492,0.5238095238095238,0.3793103448275862,0.4878048780487805,0.3508771929824561,0.45,0.32142857142857145,0.41025641025641024,0.2909090909090909,0.39473684210526316,0.2777777777777778,0.3783783783783784,0.2641509433962264,0.3611111111111111,0.25,0.34285714285714286,0.23529411764705882,0.3235294117647059,0.22,0.30303030303030304,0.20408163265306123,0.28125,0.1875,0.25806451612903225,0.1702127659574468,0.23333333333333334,0.15217391304347827,0.20689655172413793,0.13333333333333333,0.17857142857142858,0.11363636363636363,0.14814814814814814,0.09302325581395349,0.11538461538461539,0.07142857142857142,0.08,0.04878048780487805,0.041666666666666664,0.025,0.0,0.0,0.0,0.0,0.0,0.0,0.0,0.0,0.0,0.0,0.0,0.0,0.0,0.0,0.0,0.0,0.0,0.0,0.0,0.0,0.0,0.0,0.0,0.0,0.0,0.0,3.0,3.0
0.877852868133104,0.5714285714285714,0.5,0.0,0.0,0.0,0.0,0.0,0.0,0.0,0.0,0.0,0.0,5.3090909090909095,4.634920634920635,1.7037037037037037,1.4838709677419355,1.0943396226415094,0.9508196721311475,0.9423076923076923,0.8166666666666667,0.7843137254901961,0.6779661016949152,0.62,0.5344827586206896,0.4489795918367347,0.38596491228070173,0.3125,0.26785714285714285,0.19148936170212766,0.16363636363636364,0.08695652173913043,0.07407407407407407,0.022222222222222223,0.018867924528301886,0.0,0.0,0.0,0.0,0.0,0.0,0.0,0.0,0.0,0.0,0.0,0.0,0.0,0.0,0.0,0.0,0.0,0.0,0.0,0.0,0.0,0.0,0.0,0.0,0.0,0.0,0.0,0.0,0.0,0.0,0.0,0.0,0.0,0.0,0.0,0.0,0.0,0.0,0.0,0.0,0.0,0.0,0.0,0.0,0.0,0.0,0.0,0.0,0.0,0.0,0.0,0.0,0.0,0.0,0.0,0.0,0.0,0.0,4.0,2.0
0.9602862144674424,1.0,0.9,0.5,0.4444444444444444,0.14285714285714285,0.125,0.0,0.0,0.0,0.0,0.0,0.0,5.133333333333334,4.463768115942029,1.4406779661016949,1.25,0.8448275862068966,0.7313432835820896,0.7192982456140351,0.6212121212121212,0.6428571428571429,0.5538461538461539,0.6,0.515625,0.5555555555555556,0.47619047619047616,0.5094339622641509,0.43548387096774194,0.46153846153846156,0.39344262295081966,0.4117647058823529,0.35,0.36,0.3050847457627119,0.32653061224489793,0.27586206896551724,0.2916666666666667,0.24561403508771928,0.2553191489361702,0.21428571428571427,0.21739130434782608,0.18181818181818182,0.17777777777777778,0.14814814814814814,0.13636363636363635,0.11320754716981132,0.11627906976744186,0.09615384615384616,0.09523809523809523,0.0784313725490196,0.07317073170731707,0.06,0.05,0.04081632653061224,0.02564102564102564,0.020833333333333332,0.0,0.0,0.0,0.0,0.0,0.0,0.0,0.0,0.0,0.0,0.0,0.0,0.0,0.0,0.0,0.0,0.0,0.0,0.0,0.0,0.0,0.0,0.0,0.0,0.0,0.0,0.0,0.0,0.0,0.0,0.0,0.0,0.0,0.0,0.0,0.0,4.5,4.5
0.14916694866353158,0.7,0.7,0.3333333333333333,0.3333333333333333,0.25,0.25,0.14285714285714285,0.14285714285714285,0.0,0.0,0.0,0.0,5.316666666666666,4.7611940298507465,1.2033898305084745,1.0757575757575757,0.7068965517241379,0.6307692307692307,0.631578947368421,0.5625,0.5535714285714286,0.49206349206349204,0.509090909090909,0.45161290322580644,0.46296296296296297,0.4098360655737705,0.4339622641509434,0.38333333333333336,0.4230769230769231,0.3728813559322034,0.4117647058823529,0.3620689655172414,0.4,0.3508771929824561,0.3877551020408163,0.3392857142857143,0.375,0.32727272727272727,0.3617021276595745,0.3148148148148148,0.34782608695652173,0.3018867924528302,0.3333333333333333,0.28846153846153844,0.3181818181818182,0.27450980392156865,0.3023255813953488,0.26,0.2857142857142857,0.24489795918367346,0.2682926829268293,0.22916666666666666,0.25,0.2127659574468085,0.23076923076923078,0.1956521739130435,0.21052631578947367,0.17777777777777778,0.1891891891891892,0.1590909090909091,0.16666666666666666,0.13953488372093023,0.14285714285714285,0.11904761904761904,0.11764705882352941,0.0975609756097561,0.09090909090909091,0.075,0.0625,0.05128205128205128,0.03225806451612903,0.02631578947368421,0.0,0.0,0.0,0.0,0.0,0.0,0.0,0.0,0.0,0.0,0.0,0.0,0.0,0.0,0.0,0.0,0.0,0.0,0.0,0.0,3.5,3.0
0.6112765744510432,0.5,0.5,0.3333333333333333,0.3333333333333333,0.0,0.0,0.0,0.0,0.0,0.0,0.0,0.0,2.7037037037037037,2.1470588235294117,0.6923076923076923,0.5454545454545454,0.56,0.4375,0.5416666666666666,0.41935483870967744,0.5217391304347826,0.4,0.5,0.3793103448275862,0.47619047619047616,0.35714285714285715,0.45,0.3333333333333333,0.42105263157894735,0.3076923076923077,0.3888888888888889,0.28,0.35294117647058826,0.25,0.3125,0.21739130434782608,0.26666666666666666,0.18181818181818182,0.21428571428571427,0.14285714285714285,0.15384615384615385,0.1,0.08333333333333333,0.05263157894736842,0.0,0.0,0.0,0.0,0.0,0.0,0.0,0.0,0.0,0.0,0.0,0.0,0.0,0.0,0.0,0.0,0.0,0.0,0.0,0.0,0.0,0.0,0.0,0.0,0.0,0.0,0.0,0.0,0.0,0.0,0.0,0.0,0.0,0.0,0.0,0.0,0.0,0.0,0.0,0.0,0.0,0.0,0.0,0.0,0.0,0.0,0.0,0.0,4.5,4.0
0.9673257221621435,0.7777777777777778,0.5384615384615384,0.25,0.16666666666666666,0.0,0.0,0.0,0.0,0.0,0.0,0.0,0.0,6.579710144927536,5.341176470588235,1.6176470588235294,1.3095238095238095,1.0746268656716418,0.8674698795180723,0.8333333333333334,0.6707317073170732,0.6615384615384615,0.5308641975308642,0.546875,0.4375,0.4444444444444444,0.35443037974683544,0.3709677419354839,0.2948717948717949,0.29508196721311475,0.23376623376623376,0.23333333333333334,0.18421052631578946,0.1694915254237288,0.13333333333333333,0.1206896551724138,0.0945945945945946,0.07017543859649122,0.0547945205479452,0.03571428571428571,0.027777777777777776,0.01818181818181818,0.014084507042253521,0.0,0.0,0.0,0.0,0.0,0.0,0.0,0.0,0.0,0.0,0.0,0.0,0.0,0.0,0.0,0.0,0.0,0.0,0.0,0.0,0.0,0.0,0.0,0.0,0.0,0.0,0.0,0.0,0.0,0.0,0.0,0.0,0.0,0.0,0.0,0.0,0.0,0.0,0.0,0.0,0.0,0.0,0.0,0.0,0.0,0.0,0.0,0.0,0.0,0.0,3.5,2.0
0.9895849657787158,1.0,1.0,0.6666666666666666,0.6666666666666666,0.5454545454545454,0.5454545454545454,0.5,0.5,0.4444444444444444,0.4444444444444444,0.375,0.375,6.7032967032967035,6.931818181818182,1.5444444444444445,1.5977011494252873,1.0337078651685394,1.069767441860465,0.9318181818181818,0.9647058823529412,0.8505747126436781,0.8809523809523809,0.7906976744186046,0.8192771084337349,0.7294117647058823,0.7560975609756098,0.6666666666666666,0.691358024691358,0.6385542168674698,0.6625,0.6219512195121951,0.6455696202531646,0.6049382716049383,0.6282051282051282,0.5875,0.6103896103896104,0.569620253164557,0.5921052631578947,0.5512820512820513,0.5733333333333334,0.5324675324675324,0.5540540540540541,0.5131578947368421,0.5342465753424658,0.5066666666666667,0.5277777777777778,0.5,0.5211267605633803,0.4931506849315068,0.5142857142857142,0.4861111111111111,0.5072463768115942,0.4788732394366197,0.5,0.4714285714285714,0.4925373134328358,0.463768115942029,0.48484848484848486,0.45588235294117646,0.47692307692307695,0.44776119402985076,0.46875,0.4393939393939394,0.4603174603174603,0.4307692307692308,0.45161290322580644,0.421875,0.4426229508196721,0.4126984126984127,0.43333333333333335,0.4032258064516129,0.423728813559322,0.39344262295081966,0.41379310344827586,0.38333333333333336,0.40350877192982454,0.3728813559322034,0.39285714285714285,0.3620689655172414,0.38181818181818183,0.3508771929824561,0.37037037037037035,0.3392857142857143,0.3584905660377358,0.32727272727272727,0.34615384615384615,0.3148148148148148,0.3333333333333333,0.3018867924528302,0.32,0.28846153846153844,0.30612244897959184,4.0,4.0
0.979582647412396,0.7058823529411765,0.6666666666666666,0.25,0.23529411764705882,0.13333333333333333,0.125,0.07142857142857142,0.06666666666666667,0.0,0.0,0.0,0.0,8.076923076923077,7.205882352941177,1.3111111111111111,1.1683168316831682,0.7078651685393258,0.63,0.5909090909090909,0.5252525252525253,0.5172413793103449,0.45918367346938777,0.45348837209302323,0.4020618556701031,0.4,0.3541666666666667,0.35714285714285715,0.3157894736842105,0.3253012048192771,0.2872340425531915,0.2926829268292683,0.25806451612903225,0.25925925925925924,0.22826086956521738,0.225,0.1978021978021978,0.189873417721519,0.16666666666666666,0.1794871794871795,0.15730337078651685,0.16883116883116883,0.14772727272727273,0.15789473684210525,0.13793103448275862,0.14666666666666667,0.12790697674418605,0.13513513513513514,0.11764705882352941,0.1232876712328767,0.10714285714285714,0.1111111111111111,0.0963855421686747,0.09859154929577464,0.08536585365853659,0.08571428571428572,0.07407407407407407,0.07246376811594203,0.0625,0.058823529411764705,0.05063291139240506,0.04477611940298507,0.038461538461538464,0.030303030303030304,0.025974025974025976,0.015384615384615385,0.013157894736842105,0.0,0.0,0.0,0.0,0.0,0.0,0.0,0.0,0.0,0.0,0.0,0.0,0.0,0.0,0.0,0.0,0.0,0.0,0.0,0.0,0.0,0.0,0.0,0.0,0.0,0.0,3.0,2.0
0.6634099706365335,1.0,0.75,0.125,0.09090909090909091,0.0,0.0,0.0,0.0,0.0,0.0,0.0,0.0,6.338235294117647,4.736263736263736,1.3880597014925373,1.0333333333333334,0.8939393939393939,0.6629213483146067,0.676923076923077,0.5,0.515625,0.3793103448275862,0.4603174603174603,0.3372093023255814,0.4032258064516129,0.29411764705882354,0.3442622950819672,0.25,0.2833333333333333,0.20481927710843373,0.22033898305084745,0.15853658536585366,0.15517241379310345,0.1111111111111111,0.12280701754385964,0.0875,0.08928571428571429,0.06329113924050633,0.05454545454545454,0.038461538461538464,0.018518518518518517,0.012987012987012988,0.0,0.0,0.0,0.0,0.0,0.0,0.0,0.0,0.0,0.0,0.0,0.0,0.0,0.0,0.0,0.0,0.0,0.0,0.0,0.0,0.0,0.0,0.0,0.0,0.0,0.0,0.0,0.0,0.0,0.0,0.0,0.0,0.0,0.0,0.0,0.0,0.0,0.0,0.0,0.0,0.0,0.0,0.0,0.0,0.0,0.0,0.0,0.0,0.0,0.0,4.0,3.0
1.0,1.0,1.0,0.3333333333333333,0.3333333333333333,0.0,0.0,0.0,0.0,0.0,0.0,0.0,0.0,2.5,2.5,1.0,1.0,0.8846153846153846,0.8846153846153846,0.8,0.8,0.7083333333333334,0.7083333333333334,0.6086956521739131,0.6086956521739131,0.5,0.5,0.38095238095238093,0.38095238095238093,0.3,0.3,0.21052631578947367,0.21052631578947367,0.1111111111111111,0.1111111111111111,0.0,0.0,0.0,0.0,0.0,0.0,0.0,0.0,0.0,0.0,0.0,0.0,0.0,0.0,0.0,0.0,0.0,0.0,0.0,0.0,0.0,0.0,0.0,0.0,0.0,0.0,0.0,0.0,0.0,0.0,0.0,0.0,0.0,0.0,0.0,0.0,0.0,0.0,0.0,0.0,0.0,0.0,0.0,0.0,0.0,0.0,0.0,0.0,0.0,0.0,0.0,0.0,0.0,0.0,0.0,0.0,0.0,0.0,5.0,4.0
0.9844404153910343,0.8888888888888888,0.8888888888888888,0.25,0.25,0.14285714285714285,0.14285714285714285,0.0,0.0,0.0,0.0,0.0,0.0,4.1454545454545455,4.1454545454545455,0.9444444444444444,0.9444444444444444,0.6981132075471698,0.6981132075471698,0.5576923076923077,0.5576923076923077,0.5098039215686274,0.5098039215686274,0.46,0.46,0.40816326530612246,0.40816326530612246,0.3541666666666667,0.3541666666666667,0.2978723404255319,0.2978723404255319,0.2391304347826087,0.2391304347826087,0.17777777777777778,0.17777777777777778,0.11363636363636363,0.11363636363636363,0.046511627906976744,0.046511627906976744,0.0,0.0,0.0,0.0,0.0,0.0,0.0,0.0,0.0,0.0,0.0,0.0,0.0,0.0,0.0,0.0,0.0,0.0,0.0,0.0,0.0,0.0,0.0,0.0,0.0,0.0,0.0,0.0,0.0,0.0,0.0,0.0,0.0,0.0,0.0,0.0,0.0,0.0,0.0,0.0,0.0,0.0,0.0,0.0,0.0,0.0,0.0,0.0,0.0,0.0,0.0,0.0,0.0,0.0,3.0,3.5
0.9654728713936751,0.7,0.6363636363636364,0.1111111111111111,0.1,0.0,0.0,0.0,0.0,0.0,0.0,0.0,0.0,5.3108108108108105,5.535211267605634,1.178082191780822,1.2285714285714286,0.7638888888888888,0.7971014492753623,0.647887323943662,0.6764705882352942,0.5285714285714286,0.5522388059701493,0.43478260869565216,0.45454545454545453,0.35294117647058826,0.36923076923076925,0.26865671641791045,0.28125,0.21212121212121213,0.2222222222222222,0.16923076923076924,0.1774193548387097,0.125,0.13114754098360656,0.09523809523809523,0.1,0.06451612903225806,0.06779661016949153,0.03278688524590164,0.034482758620689655,0.016666666666666666,0.017543859649122806,0.0,0.0,0.0,0.0,0.0,0.0,0.0,0.0,0.0,0.0,0.0,0.0,0.0,0.0,0.0,0.0,0.0,0.0,0.0,0.0,0.0,0.0,0.0,0.0,0.0,0.0,0.0,0.0,0.0,0.0,0.0,0.0,0.0,0.0,0.0,0.0,0.0,0.0,0.0,0.0,0.0,0.0,0.0,0.0,0.0,0.0,0.0,0.0,0.0,0.0,2.5,3.0
0.9401711969567533,0.5384615384615384,0.4117647058823529,0.08333333333333333,0.0625,0.0,0.0,0.0,0.0,0.0,0.0,0.0,0.0,8.72072072072072,7.934426229508197,1.4,1.2727272727272727,0.7706422018348624,0.7,0.5648148148148148,0.5126050420168067,0.40186915887850466,0.3644067796610169,0.3113207547169811,0.28205128205128205,0.23809523809523808,0.21551724137931033,0.17307692307692307,0.1565217391304348,0.1262135922330097,0.11403508771929824,0.08823529411764706,0.07964601769911504,0.06930693069306931,0.0625,0.05,0.04504504504504504,0.04040404040404041,0.03636363636363636,0.030612244897959183,0.027522935779816515,0.020618556701030927,0.018518518518518517,0.010416666666666666,0.009345794392523364,0.0,0.0,0.0,0.0,0.0,0.0,0.0,0.0,0.0,0.0,0.0,0.0,0.0,0.0,0.0,0.0,0.0,0.0,0.0,0.0,0.0,0.0,0.0,0.0,0.0,0.0,0.0,0.0,0.0,0.0,0.0,0.0,0.0,0.0,0.0,0.0,0.0,0.0,0.0,0.0,0.0,0.0,0.0,0.0,0.0,0.0,0.0,0.0,3.0,2.0
0.22382505452063742,1.1875,1.0555555555555556,0.6,0.5294117647058824,0.21428571428571427,0.1875,0.15384615384615385,0.13333333333333333,0.08333333333333333,0.07142857142857142,0.0,0.0,8.591836734693878,7.517857142857143,1.7010309278350515,1.4864864864864864,1.1041666666666667,0.9636363636363636,0.9789473684210527,0.8532110091743119,0.851063829787234,0.7407407407407407,0.7419354838709677,0.6448598130841121,0.6413043478260869,0.5566037735849056,0.5384615384615384,0.4666666666666667,0.43333333333333335,0.375,0.33707865168539325,0.2912621359223301,0.2727272727272727,0.23529411764705882,0.21839080459770116,0.18811881188118812,0.20930232558139536,0.18,0.2,0.1717171717171717,0.19047619047619047,0.16326530612244897,0.18072289156626506,0.15463917525773196,0.17073170731707318,0.14583333333333334,0.16049382716049382,0.1368421052631579,0.15,0.1276595744680851,0.13924050632911392,0.11827956989247312,0.1282051282051282,0.10869565217391304,0.11688311688311688,0.0989010989010989,0.10526315789473684,0.08888888888888889,0.09333333333333334,0.07865168539325842,0.08108108108108109,0.06818181818181818,0.0684931506849315,0.05747126436781609,0.05555555555555555,0.046511627906976744,0.04225352112676056,0.03529411764705882,0.02857142857142857,0.023809523809523808,0.014492753623188406,0.012048192771084338,0.0,0.0,0.0,0.0,0.0,0.0,0.0,0.0,0.0,0.0,0.0,0.0,0.0,0.0,0.0,0.0,0.0,0.0,0.0,0.0,3.0,4.0
0.7503713430948468,1.0,0.75,0.0,0.0,0.0,0.0,0.0,0.0,0.0,0.0,0.0,0.0,2.962962962962963,2.6666666666666665,1.0384615384615385,0.9310344827586207,0.88,0.7857142857142857,0.7916666666666666,0.7037037037037037,0.6956521739130435,0.6153846153846154,0.5909090909090909,0.52,0.47619047619047616,0.4166666666666667,0.4,0.34782608695652173,0.3157894736842105,0.2727272727272727,0.2222222222222222,0.19047619047619047,0.11764705882352941,0.1,0.0,0.0,0.0,0.0,0.0,0.0,0.0,0.0,0.0,0.0,0.0,0.0,0.0,0.0,0.0,0.0,0.0,0.0,0.0,0.0,0.0,0.0,0.0,0.0,0.0,0.0,0.0,0.0,0.0,0.0,0.0,0.0,0.0,0.0,0.0,0.0,0.0,0.0,0.0,0.0,0.0,0.0,0.0,0.0,0.0,0.0,0.0,0.0,0.0,0.0,0.0,0.0,0.0,0.0,0.0,0.0,0.0,0.0,5.0,3.5
0.977633843582473,0.9375,0.8333333333333334,0.4666666666666667,0.4117647058823529,0.2857142857142857,0.25,0.23076923076923078,0.2,0.16666666666666666,0.14285714285714285,0.09090909090909091,0.07692307692307693,9.71551724137931,8.874015748031496,1.8434782608695652,1.6825396825396826,1.087719298245614,0.992,0.8584070796460177,0.782258064516129,0.7410714285714286,0.6747967479674797,0.6576576576576577,0.5983606557377049,0.6,0.5454545454545454,0.5504587155963303,0.5,0.5,0.453781512605042,0.4485981308411215,0.4067796610169492,0.39622641509433965,0.358974358974359,0.3523809523809524,0.31896551724137934,0.3173076923076923,0.28695652173913044,0.2912621359223301,0.2631578947368421,0.27450980392156865,0.24778761061946902,0.25742574257425743,0.23214285714285715,0.25,0.22522522522522523,0.24242424242424243,0.21818181818181817,0.23469387755102042,0.21100917431192662,0.2268041237113402,0.2037037037037037,0.21875,0.19626168224299065,0.21052631578947367,0.18867924528301888,0.20212765957446807,0.18095238095238095,0.1935483870967742,0.17307692307692307,0.18478260869565216,0.1650485436893204,0.17582417582417584,0.1568627450980392,0.16666666666666666,0.1485148514851485,0.15730337078651685,0.14,0.14772727272727273,0.13131313131313133,0.13793103448275862,0.12244897959183673,0.12790697674418605,0.1134020618556701,0.11764705882352941,0.10416666666666667,0.10714285714285714,0.09473684210526316,0.0963855421686747,0.0851063829787234,0.08536585365853659,0.07526881720430108,0.07407407407407407,0.06521739130434782,0.0625,0.054945054945054944,0.05063291139240506,0.044444444444444446,0.038461538461538464,0.033707865168539325,0.025974025974025976,0.022727272727272728,4.5,3.5
0.917776205584438,0.4,0.4,0.0,0.0,0.0,0.0,0.0,0.0,0.0,0.0,0.0,0.0,3.6739130434782608,4.023809523809524,0.7777777777777778,0.8536585365853658,0.5454545454545454,0.6,0.4883720930232558,0.5384615384615384,0.42857142857142855,0.47368421052631576,0.3902439024390244,0.43243243243243246,0.35,0.3888888888888889,0.3076923076923077,0.34285714285714286,0.2631578947368421,0.29411764705882354,0.21621621621621623,0.24242424242424243,0.16666666666666666,0.1875,0.14285714285714285,0.16129032258064516,0.11764705882352941,0.13333333333333333,0.09090909090909091,0.10344827586206896,0.0625,0.07142857142857142,0.03225806451612903,0.037037037037037035,0.0,0.0,0.0,0.0,0.0,0.0,0.0,0.0,0.0,0.0,0.0,0.0,0.0,0.0,0.0,0.0,0.0,0.0,0.0,0.0,0.0,0.0,0.0,0.0,0.0,0.0,0.0,0.0,0.0,0.0,0.0,0.0,0.0,0.0,0.0,0.0,0.0,0.0,0.0,0.0,0.0,0.0,0.0,0.0,0.0,0.0,0.0,0.0,4.0,3.5
0.9967614289529123,1.0,0.8571428571428571,0.6,0.5,0.25,0.2,0.0,0.0,0.0,0.0,0.0,0.0,4.229166666666667,3.9038461538461537,1.8936170212765957,1.7450980392156863,1.6521739130434783,1.52,1.488888888888889,1.3673469387755102,1.3181818181818181,1.2083333333333333,1.1395348837209303,1.0425531914893618,0.9761904761904762,0.8913043478260869,0.8536585365853658,0.7777777777777778,0.775,0.7045454545454546,0.6923076923076923,0.627906976744186,0.6052631578947368,0.5476190476190477,0.5405405405405406,0.4878048780487805,0.5,0.45,0.45714285714285713,0.41025641025641024,0.4117647058823529,0.3684210526315789,0.36363636363636365,0.32432432432432434,0.34375,0.3055555555555556,0.3225806451612903,0.2857142857142857,0.3,0.2647058823529412,0.27586206896551724,0.24242424242424243,0.25,0.21875,0.2222222222222222,0.1935483870967742,0.19230769230769232,0.16666666666666666,0.16,0.13793103448275862,0.125,0.10714285714285714,0.08695652173913043,0.07407407407407407,0.045454545454545456,0.038461538461538464,0.0,0.0,0.0,0.0,0.0,0.0,0.0,0.0,0.0,0.0,0.0,0.0,0.0,0.0,0.0,0.0,0.0,0.0,0.0,0.0,0.0,0.0,0.0,0.0,0.0,0.0,5.0,5.0
0.9416978506797749,0.5454545454545454,0.46153846153846156,0.1,0.08333333333333333,0.0,0.0,0.0,0.0,0.0,0.0,0.0,0.0,6.144578313253012,5.862068965517241,1.1219512195121952,1.069767441860465,0.7283950617283951,0.6941176470588235,0.5875,0.5595238095238095,0.46835443037974683,0.4457831325301205,0.38461538461538464,0.36585365853658536,0.3116883116883117,0.2962962962962963,0.23684210526315788,0.225,0.18666666666666668,0.17721518987341772,0.14864864864864866,0.14102564102564102,0.1095890410958904,0.1038961038961039,0.08333333333333333,0.07894736842105263,0.056338028169014086,0.05333333333333334,0.02857142857142857,0.02702702702702703,0.014492753623188406,0.0136986301369863,0.0,0.0,0.0,0.0,0.0,0.0,0.0,0.0,0.0,0.0,0.0,0.0,0.0,0.0,0.0,0.0,0.0,0.0,0.0,0.0,0.0,0.0,0.0,0.0,0.0,0.0,0.0,0.0,0.0,0.0,0.0,0.0,0.0,0.0,0.0,0.0,0.0,0.0,0.0,0.0,0.0,0.0,0.0,0.0,0.0,0.0,0.0,0.0,0.0,0.0,3.0,3.0
0.7552543451107141,0.65,0.5652173913043478,0.21052631578947367,0.18181818181818182,0.1111111111111111,0.09523809523809523,0.058823529411764705,0.05,0.0,0.0,0.0,0.0,10.682539682539682,8.855263157894736,1.8,1.490066225165563,0.8306451612903226,0.6866666666666666,0.6422764227642277,0.5302013422818792,0.5491803278688525,0.4527027027027027,0.4793388429752066,0.3945578231292517,0.4166666666666667,0.3424657534246575,0.36134453781512604,0.296551724137931,0.3135593220338983,0.2569444444444444,0.27350427350427353,0.22377622377622378,0.23275862068965517,0.19014084507042253,0.19130434782608696,0.15602836879432624,0.17543859649122806,0.14285714285714285,0.1592920353982301,0.12949640287769784,0.14285714285714285,0.11594202898550725,0.12612612612612611,0.10218978102189781,0.10909090909090909,0.08823529411764706,0.09174311926605505,0.07407407407407407,0.07407407407407407,0.05970149253731343,0.06542056074766354,0.05263157894736842,0.05660377358490566,0.045454545454545456,0.047619047619047616,0.03816793893129771,0.038461538461538464,0.03076923076923077,0.02912621359223301,0.023255813953488372,0.0196078431372549,0.015625,0.009900990099009901,0.007874015748031496,0.0,0.0,0.0,0.0,0.0,0.0,0.0,0.0,0.0,0.0,0.0,0.0,0.0,0.0,0.0,0.0,0.0,0.0,0.0,0.0,0.0,0.0,0.0,0.0,0.0,0.0,0.0,0.0,4.0,4.0
0.5374734511851194,0.5555555555555556,0.45454545454545453,0.0,0.0,0.0,0.0,0.0,0.0,0.0,0.0,0.0,0.0,4.852459016393443,4.228571428571429,1.2166666666666666,1.0579710144927537,0.8135593220338984,0.7058823529411765,0.6206896551724138,0.5373134328358209,0.49122807017543857,0.42424242424242425,0.375,0.3230769230769231,0.2545454545454545,0.21875,0.16666666666666666,0.14285714285714285,0.07547169811320754,0.06451612903225806,0.038461538461538464,0.03278688524590164,0.0,0.0,0.0,0.0,0.0,0.0,0.0,0.0,0.0,0.0,0.0,0.0,0.0,0.0,0.0,0.0,0.0,0.0,0.0,0.0,0.0,0.0,0.0,0.0,0.0,0.0,0.0,0.0,0.0,0.0,0.0,0.0,0.0,0.0,0.0,0.0,0.0,0.0,0.0,0.0,0.0,0.0,0.0,0.0,0.0,0.0,0.0,0.0,0.0,0.0,0.0,0.0,0.0,0.0,0.0,0.0,0.0,0.0,0.0,0.0,4.5,4.0
0.7766753687617612,0.5833333333333334,0.5384615384615384,0.09090909090909091,0.08333333333333333,0.0,0.0,0.0,0.0,0.0,0.0,0.0,0.0,5.976744186046512,6.047058823529412,1.0470588235294118,1.0595238095238095,0.6190476190476191,0.6265060240963856,0.4939759036144578,0.5,0.3902439024390244,0.3950617283950617,0.30864197530864196,0.3125,0.25,0.25316455696202533,0.189873417721519,0.19230769230769232,0.15384615384615385,0.15584415584415584,0.12987012987012986,0.13157894736842105,0.10526315789473684,0.10666666666666667,0.08,0.08108108108108109,0.05405405405405406,0.0547945205479452,0.0273972602739726,0.027777777777777776,0.013888888888888888,0.014084507042253521,0.0,0.0,0.0,0.0,0.0,0.0,0.0,0.0,0.0,0.0,0.0,0.0,0.0,0.0,0.0,0.0,0.0,0.0,0.0,0.0,0.0,0.0,0.0,0.0,0.0,0.0,0.0,0.0,0.0,0.0,0.0,0.0,0.0,0.0,0.0,0.0,0.0,0.0,0.0,0.0,0.0,0.0,0.0,0.0,0.0,0.0,0.0,0.0,0.0,0.0,3.5,4.0
0.9457536246993082,0.6,0.6,0.25,0.25,0.0,0.0,0.0,0.0,0.0,0.0,0.0,0.0,3.72972972972973,3.3658536585365852,1.2222222222222223,1.1,0.8,0.717948717948718,0.7058823529411765,0.631578947368421,0.6363636363636364,0.5675675675675675,0.59375,0.5277777777777778,0.5483870967741935,0.4857142857142857,0.5,0.4411764705882353,0.4482758620689655,0.3939393939393939,0.39285714285714285,0.34375,0.3333333333333333,0.2903225806451613,0.2692307692307692,0.23333333333333334,0.2,0.1724137931034483,0.125,0.10714285714285714,0.043478260869565216,0.037037037037037035,0.0,0.0,0.0,0.0,0.0,0.0,0.0,0.0,0.0,0.0,0.0,0.0,0.0,0.0,0.0,0.0,0.0,0.0,0.0,0.0,0.0,0.0,0.0,0.0,0.0,0.0,0.0,0.0,0.0,0.0,0.0,0.0,0.0,0.0,0.0,0.0,0.0,0.0,0.0,0.0,0.0,0.0,0.0,0.0,0.0,0.0,0.0,0.0,0.0,0.0,4.0,4.0
0.8793275304270306,0.7142857142857143,0.6818181818181818,0.25,0.23809523809523808,0.05263157894736842,0.05,0.0,0.0,0.0,0.0,0.0,0.0,10.906976744186046,9.571428571428571,1.9453125,1.7054794520547945,0.952755905511811,0.8344827586206897,0.7301587301587301,0.6388888888888888,0.632,0.5524475524475524,0.5725806451612904,0.5,0.5203252032520326,0.45390070921985815,0.47540983606557374,0.4142857142857143,0.4462809917355372,0.38848920863309355,0.4166666666666667,0.36231884057971014,0.3865546218487395,0.3357664233576642,0.3559322033898305,0.3088235294117647,0.3247863247863248,0.2814814814814815,0.29310344827586204,0.2537313432835821,0.2608695652173913,0.22556390977443608,0.22807017543859648,0.19696969696969696,0.19469026548672566,0.16793893129770993,0.16071428571428573,0.13846153846153847,0.12612612612612611,0.10852713178294573,0.11818181818181818,0.1015625,0.11009174311926606,0.09448818897637795,0.10185185185185185,0.0873015873015873,0.09345794392523364,0.08,0.08490566037735849,0.07258064516129033,0.0761904761904762,0.06504065040650407,0.0673076923076923,0.05737704918032787,0.05825242718446602,0.049586776859504134,0.049019607843137254,0.041666666666666664,0.039603960396039604,0.03361344537815126,0.03,0.025423728813559324,0.020202020202020204,0.017094017094017096,0.01020408163265306,0.008620689655172414,0.0,0.0,0.0,0.0,0.0,0.0,0.0,0.0,0.0,0.0,0.0,0.0,0.0,0.0,0.0,0.0,3.0,3.5
0.9999999999999999,1.0,1.0,0.6666666666666666,0.6666666666666666,0.6,0.6,0.5,0.5,0.3333333333333333,0.3333333333333333,0.0,0.0,5.117647058823529,5.117647058823529,1.42,1.42,0.9795918367346939,0.9795918367346939,0.8958333333333334,0.8958333333333334,0.851063829787234,0.851063829787234,0.8043478260869565,0.8043478260869565,0.7777777777777778,0.7777777777777778,0.75,0.75,0.7209302325581395,0.7209302325581395,0.6904761904761905,0.6904761904761905,0.6585365853658537,0.6585365853658537,0.65,0.65,0.6410256410256411,0.6410256410256411,0.631578947368421,0.631578947368421,0.6216216216216216,0.6216216216216216,0.6111111111111112,0.6111111111111112,0.6,0.6,0.5882352941176471,0.5882352941176471,0.5757575757575758,0.5757575757575758,0.5625,0.5625,0.5483870967741935,0.5483870967741935,0.5333333333333333,0.5333333333333333,0.5172413793103449,0.5172413793103449,0.5,0.5,0.48148148148148145,0.48148148148148145,0.46153846153846156,0.46153846153846156,0.44,0.44,0.4166666666666667,0.4166666666666667,0.391304347826087,0.391304347826087,0.36363636363636365,0.36363636363636365,0.3333333333333333,0.3333333333333333,0.3,0.3,0.2631578947368421,0.2631578947368421,0.2222222222222222,0.2222222222222222,0.17647058823529413,0.17647058823529413,0.125,0.125,0.06666666666666667,0.06666666666666667,0.0,0.0,0.0,0.0,0.0,0.0,5.0,5.0
0.9695821965563963,0.625,0.7142857142857143,0.5714285714285714,0.6666666666666666,0.5,0.6,0.4,0.5,0.25,0.3333333333333333,0.0,0.0,4.278688524590164,4.578947368421052,1.0833333333333333,1.1607142857142858,0.6949152542372882,0.7454545454545455,0.6551724137931034,0.7037037037037037,0.631578947368421,0.6792452830188679,0.6071428571428571,0.6538461538461539,0.5818181818181818,0.6274509803921569,0.5740740740740741,0.62,0.5660377358490566,0.6122448979591837,0.5576923076923077,0.6041666666666666,0.5490196078431373,0.5957446808510638,0.54,0.5869565217391305,0.5306122448979592,0.5777777777777777,0.5208333333333334,0.5681818181818182,0.5106382978723404,0.5581395348837209,0.5,0.5476190476190477,0.4888888888888889,0.5365853658536586,0.4772727272727273,0.525,0.46511627906976744,0.5128205128205128,0.4523809523809524,0.5,0.43902439024390244,0.4864864864864865,0.425,0.4722222222222222,0.41025641025641024,0.45714285714285713,0.39473684210526316,0.4411764705882353,0.3783783783783784,0.42424242424242425,0.3611111111111111,0.40625,0.34285714285714286,0.3870967741935484,0.3235294117647059,0.36666666666666664,0.30303030303030304,0.3448275862068966,0.28125,0.32142857142857145,0.25806451612903225,0.2962962962962963,0.23333333333333334,0.2692307692307692,0.20689655172413793,0.24,0.17857142857142858,0.20833333333333334,0.14814814814814814,0.17391304347826086,0.11538461538461539,0.13636363636363635,0.08,0.09523809523809523,0.041666666666666664,0.05,0.0,0.0,0.0,0.0,4.0,4.0
0.9645574955453112,1.5333333333333334,1.15,0.42857142857142855,0.3157894736842105,0.23076923076923078,0.16666666666666666,0.08333333333333333,0.058823529411764705,0.0,0.0,0.0,0.0,9.125,6.9523809523809526,2.221052631578947,1.688,1.4574468085106382,1.1048387096774193,1.1505376344086022,0.8699186991869918,0.967391304347826,0.7295081967213115,0.8021978021978022,0.6033057851239669,0.6444444444444445,0.48333333333333334,0.5056179775280899,0.37815126050420167,0.42045454545454547,0.3135593220338983,0.3793103448275862,0.28205128205128205,0.3372093023255814,0.25,0.29411764705882354,0.21739130434782608,0.25,0.18421052631578946,0.21686746987951808,0.1592920353982301,0.18292682926829268,0.13392857142857142,0.14814814814814814,0.10810810810810811,0.125,0.09090909090909091,0.10126582278481013,0.07339449541284404,0.07692307692307693,0.05555555555555555,0.05194805194805195,0.037383177570093455,0.02631578947368421,0.018867924528301886,0.0,0.0,0.0,0.0,0.0,0.0,0.0,0.0,0.0,0.0,0.0,0.0,0.0,0.0,0.0,0.0,0.0,0.0,0.0,0.0,0.0,0.0,0.0,0.0,0.0,0.0,0.0,0.0,0.0,0.0,0.0,0.0,0.0,0.0,0.0,0.0,0.0,0.0,4.0,4.0
0.9999999999999999,1.0,1.0,0.0,0.0,0.0,0.0,0.0,0.0,0.0,0.0,0.0,0.0,2.2857142857142856,2.2857142857142856,1.0,1.0,0.75,0.75,0.6363636363636364,0.6363636363636364,0.5,0.5,0.4444444444444444,0.4444444444444444,0.375,0.375,0.2857142857142857,0.2857142857142857,0.16666666666666666,0.16666666666666666,0.0,0.0,0.0,0.0,0.0,0.0,0.0,0.0,0.0,0.0,0.0,0.0,0.0,0.0,0.0,0.0,0.0,0.0,0.0,0.0,0.0,0.0,0.0,0.0,0.0,0.0,0.0,0.0,0.0,0.0,0.0,0.0,0.0,0.0,0.0,0.0,0.0,0.0,0.0,0.0,0.0,0.0,0.0,0.0,0.0,0.0,0.0,0.0,0.0,0.0,0.0,0.0,0.0,0.0,0.0,0.0,0.0,0.0,0.0,0.0,0.0,0.0,5.0,5.0
0.9502764272369817,1.0,0.7142857142857143,0.2222222222222222,0.15384615384615385,0.0,0.0,0.0,0.0,0.0,0.0,0.0,0.0,6.708860759493671,5.698924731182796,1.2820512820512822,1.0869565217391304,0.7922077922077922,0.6703296703296703,0.5921052631578947,0.5,0.4533333333333333,0.38202247191011235,0.4189189189189189,0.3522727272727273,0.3835616438356164,0.3218390804597701,0.3472222222222222,0.29069767441860467,0.30985915492957744,0.25882352941176473,0.2714285714285714,0.2261904761904762,0.2463768115942029,0.20481927710843373,0.22058823529411764,0.18292682926829268,0.19402985074626866,0.16049382716049382,0.16666666666666666,0.1375,0.13846153846153847,0.11392405063291139,0.109375,0.08974358974358974,0.09523809523809523,0.07792207792207792,0.08064516129032258,0.06578947368421052,0.06557377049180328,0.05333333333333334,0.05,0.04054054054054054,0.03389830508474576,0.0273972602739726,0.017241379310344827,0.013888888888888888,0.0,0.0,0.0,0.0,0.0,0.0,0.0,0.0,0.0,0.0,0.0,0.0,0.0,0.0,0.0,0.0,0.0,0.0,0.0,0.0,0.0,0.0,0.0,0.0,0.0,0.0,0.0,0.0,0.0,0.0,0.0,0.0,0.0,0.0,0.0,0.0,2.5,2.0
0.6276723351415939,0.5,0.4375,0.0,0.0,0.0,0.0,0.0,0.0,0.0,0.0,0.0,0.0,7.339622641509434,6.483333333333333,1.2476190476190476,1.1008403361344539,0.6634615384615384,0.5847457627118644,0.47572815533980584,0.4188034188034188,0.35294117647058826,0.3103448275862069,0.27722772277227725,0.24347826086956523,0.2,0.17543859649122806,0.15151515151515152,0.13274336283185842,0.11224489795918367,0.09821428571428571,0.08247422680412371,0.07207207207207207,0.0625,0.05454545454545454,0.042105263157894736,0.03669724770642202,0.031914893617021274,0.027777777777777776,0.021505376344086023,0.018691588785046728,0.010869565217391304,0.009433962264150943,0.0,0.0,0.0,0.0,0.0,0.0,0.0,0.0,0.0,0.0,0.0,0.0,0.0,0.0,0.0,0.0,0.0,0.0,0.0,0.0,0.0,0.0,0.0,0.0,0.0,0.0,0.0,0.0,0.0,0.0,0.0,0.0,0.0,0.0,0.0,0.0,0.0,0.0,0.0,0.0,0.0,0.0,0.0,0.0,0.0,0.0,0.0,0.0,0.0,0.0,3.0,3.0
0.9332711510211054,0.9333333333333333,0.7368421052631579,0.2857142857142857,0.2222222222222222,0.0,0.0,0.0,0.0,0.0,0.0,0.0,0.0,9.102803738317757,7.550387596899225,1.7075471698113207,1.4140625,0.9619047619047619,0.7952755905511811,0.75,0.6190476190476191,0.6019417475728155,0.496,0.5,0.4112903225806452,0.42574257425742573,0.34959349593495936,0.36,0.29508196721311475,0.29292929292929293,0.2396694214876033,0.23469387755102042,0.19166666666666668,0.17525773195876287,0.14285714285714285,0.125,0.1016949152542373,0.08421052631578947,0.06837606837606838,0.07446808510638298,0.0603448275862069,0.06451612903225806,0.05217391304347826,0.05434782608695652,0.043859649122807015,0.04395604395604396,0.035398230088495575,0.03333333333333333,0.026785714285714284,0.02247191011235955,0.018018018018018018,0.011363636363636364,0.00909090909090909,0.0,0.0,0.0,0.0,0.0,0.0,0.0,0.0,0.0,0.0,0.0,0.0,0.0,0.0,0.0,0.0,0.0,0.0,0.0,0.0,0.0,0.0,0.0,0.0,0.0,0.0,0.0,0.0,0.0,0.0,0.0,0.0,0.0,0.0,0.0,0.0,0.0,0.0,0.0,0.0,4.0,3.5
0.9846019820264099,0.75,0.75,0.5714285714285714,0.5714285714285714,0.3333333333333333,0.3333333333333333,0.0,0.0,0.0,0.0,0.0,0.0,3.4680851063829787,3.7045454545454546,1.0434782608695652,1.1162790697674418,0.7555555555555555,0.8095238095238095,0.7045454545454546,0.7560975609756098,0.6744186046511628,0.725,0.6428571428571429,0.6923076923076923,0.6097560975609756,0.6578947368421053,0.575,0.6216216216216216,0.5384615384615384,0.5833333333333334,0.5,0.5428571428571428,0.4594594594594595,0.5,0.4166666666666667,0.45454545454545453,0.37142857142857144,0.40625,0.3235294117647059,0.3548387096774194,0.30303030303030304,0.3333333333333333,0.28125,0.3103448275862069,0.25806451612903225,0.2857142857142857,0.23333333333333334,0.25925925925925924,0.20689655172413793,0.23076923076923078,0.17857142857142858,0.2,0.14814814814814814,0.16666666666666666,0.11538461538461539,0.13043478260869565,0.08,0.09090909090909091,0.041666666666666664,0.047619047619047616,0.0,0.0,0.0,0.0,0.0,0.0,0.0,0.0,0.0,0.0,0.0,0.0,0.0,0.0,0.0,0.0,0.0,0.0,0.0,0.0,0.0,0.0,0.0,0.0,0.0,0.0,0.0,0.0,0.0,0.0,0.0,0.0,3.5,4.5
0.8519734945304949,0.5,0.29411764705882354,0.2222222222222222,0.125,0.125,0.06666666666666667,0.0,0.0,0.0,0.0,0.0,0.0,7.602564102564102,5.4907407407407405,1.2857142857142858,0.9252336448598131,0.5657894736842105,0.4056603773584906,0.41333333333333333,0.29523809523809524,0.36486486486486486,0.25961538461538464,0.3424657534246575,0.24271844660194175,0.3194444444444444,0.22549019607843138,0.29577464788732394,0.2079207920792079,0.2714285714285714,0.19,0.2463768115942029,0.1717171717171717,0.22058823529411764,0.15306122448979592,0.208955223880597,0.14432989690721648,0.19696969696969696,0.13541666666666666,0.18461538461538463,0.12631578947368421,0.171875,0.11702127659574468,0.15873015873015872,0.10752688172043011,0.14516129032258066,0.09782608695652174,0.13114754098360656,0.08791208791208792,0.11666666666666667,0.07777777777777778,0.1016949152542373,0.06741573033707865,0.08620689655172414,0.056818181818181816,0.07017543859649122,0.04597701149425287,0.05357142857142857,0.03488372093023256,0.03636363636363636,0.023529411764705882,0.018518518518518517,0.011904761904761904,0.0,0.0,0.0,0.0,0.0,0.0,0.0,0.0,0.0,0.0,0.0,0.0,0.0,0.0,0.0,0.0,0.0,0.0,0.0,0.0,0.0,0.0,0.0,0.0,0.0,0.0,0.0,0.0,0.0,0.0,3.0,3.0
0.9160562928270323,0.35714285714285715,0.35714285714285715,0.15384615384615385,0.15384615384615385,0.0,0.0,0.0,0.0,0.0,0.0,0.0,0.0,7.205128205128205,6.771084337349397,1.4155844155844155,1.329268292682927,0.6842105263157895,0.6419753086419753,0.4666666666666667,0.4375,0.35135135135135137,0.3291139240506329,0.2465753424657534,0.23076923076923078,0.1388888888888889,0.12987012987012986,0.07042253521126761,0.06578947368421052,0.04285714285714286,0.04,0.028985507246376812,0.02702702702702703,0.014705882352941176,0.0136986301369863,0.0,0.0,0.0,0.0,0.0,0.0,0.0,0.0,0.0,0.0,0.0,0.0,0.0,0.0,0.0,0.0,0.0,0.0,0.0,0.0,0.0,0.0,0.0,0.0,0.0,0.0,0.0,0.0,0.0,0.0,0.0,0.0,0.0,0.0,0.0,0.0,0.0,0.0,0.0,0.0,0.0,0.0,0.0,0.0,0.0,0.0,0.0,0.0,0.0,0.0,0.0,0.0,0.0,0.0,0.0,0.0,0.0,0.0,4.0,3.5
0.9876490078785473,0.8,0.6666666666666666,0.5,0.4,0.0,0.0,0.0,0.0,0.0,0.0,0.0,0.0,3.310344827586207,3.0,1.1071428571428572,1.0,0.9629629629629629,0.8666666666666667,0.9230769230769231,0.8275862068965517,0.88,0.7857142857142857,0.8333333333333334,0.7407407407407407,0.782608695652174,0.6923076923076923,0.7272727272727273,0.64,0.6666666666666666,0.5833333333333334,0.6,0.5217391304347826,0.5263157894736842,0.45454545454545453,0.4444444444444444,0.38095238095238093,0.4117647058823529,0.35,0.375,0.3157894736842105,0.3333333333333333,0.2777777777777778,0.2857142857142857,0.23529411764705882,0.23076923076923078,0.1875,0.16666666666666666,0.13333333333333333,0.09090909090909091,0.07142857142857142,0.0,0.0,0.0,0.0,0.0,0.0,0.0,0.0,0.0,0.0,0.0,0.0,0.0,0.0,0.0,0.0,0.0,0.0,0.0,0.0,0.0,0.0,0.0,0.0,0.0,0.0,0.0,0.0,0.0,0.0,0.0,0.0,0.0,0.0,0.0,0.0,0.0,0.0,0.0,0.0,0.0,0.0,5.0,5.0
0.8624636702922714,0.6666666666666666,0.4,0.2,0.1111111111111111,0.0,0.0,0.0,0.0,0.0,0.0,0.0,0.0,5.470588235294118,4.102941176470588,1.22,0.9104477611940298,0.8367346938775511,0.6212121212121212,0.7083333333333334,0.5230769230769231,0.5957446808510638,0.4375,0.5,0.36507936507936506,0.4,0.2903225806451613,0.3181818181818182,0.22950819672131148,0.27906976744186046,0.2,0.23809523809523808,0.1694915254237288,0.1951219512195122,0.13793103448275862,0.175,0.12280701754385964,0.15384615384615385,0.10714285714285714,0.13157894736842105,0.09090909090909091,0.10810810810810811,0.07407407407407407,0.08333333333333333,0.05660377358490566,0.05714285714285714,0.038461538461538464,0.029411764705882353,0.0196078431372549,0.0,0.0,0.0,0.0,0.0,0.0,0.0,0.0,0.0,0.0,0.0,0.0,0.0,0.0,0.0,0.0,0.0,0.0,0.0,0.0,0.0,0.0,0.0,0.0,0.0,0.0,0.0,0.0,0.0,0.0,0.0,0.0,0.0,0.0,0.0,0.0,0.0,0.0,0.0,0.0,0.0,0.0,0.0,0.0,4.0,3.5
0.9728715925126189,0.625,0.625,0.42857142857142855,0.42857142857142855,0.16666666666666666,0.16666666666666666,0.0,0.0,0.0,0.0,0.0,0.0,3.8596491228070176,3.9285714285714284,1.1607142857142858,1.1818181818181819,0.8,0.8148148148148148,0.6666666666666666,0.6792452830188679,0.6037735849056604,0.6153846153846154,0.5576923076923077,0.5686274509803921,0.5294117647058824,0.54,0.5,0.5102040816326531,0.46938775510204084,0.4791666666666667,0.4375,0.44680851063829785,0.425531914893617,0.43478260869565216,0.41304347826086957,0.4222222222222222,0.4,0.4090909090909091,0.38636363636363635,0.3953488372093023,0.37209302325581395,0.38095238095238093,0.35714285714285715,0.36585365853658536,0.34146341463414637,0.35,0.325,0.3333333333333333,0.3076923076923077,0.3157894736842105,0.2894736842105263,0.2972972972972973,0.2702702702702703,0.2777777777777778,0.25,0.2571428571428571,0.22857142857142856,0.23529411764705882,0.20588235294117646,0.21212121212121213,0.18181818181818182,0.1875,0.15625,0.16129032258064516,0.12903225806451613,0.13333333333333333,0.1,0.10344827586206896,0.06896551724137931,0.07142857142857142,0.03571428571428571,0.037037037037037035,0.0,0.0,0.0,0.0,0.0,0.0,0.0,0.0,0.0,0.0,0.0,0.0,0.0,0.0,0.0,0.0,0.0,0.0,0.0,0.0,4.0,3.0
0.6906027543440678,0.4,0.4,0.25,0.25,0.0,0.0,0.0,0.0,0.0,0.0,0.0,0.0,4.3090909090909095,4.647058823529412,1.3148148148148149,1.42,0.9056603773584906,0.9795918367346939,0.7115384615384616,0.7708333333333334,0.5686274509803921,0.6170212765957447,0.42,0.45652173913043476,0.3673469387755102,0.4,0.3541666666666667,0.38636363636363635,0.3404255319148936,0.37209302325581395,0.32608695652173914,0.35714285714285715,0.3111111111111111,0.34146341463414637,0.29545454545454547,0.325,0.27906976744186046,0.3076923076923077,0.2619047619047619,0.2894736842105263,0.24390243902439024,0.2702702702702703,0.225,0.25,0.20512820512820512,0.22857142857142856,0.18421052631578946,0.20588235294117646,0.16216216216216217,0.18181818181818182,0.1388888888888889,0.15625,0.11428571428571428,0.12903225806451613,0.08823529411764706,0.1,0.06060606060606061,0.06896551724137931,0.03125,0.03571428571428571,0.0,0.0,0.0,0.0,0.0,0.0,0.0,0.0,0.0,0.0,0.0,0.0,0.0,0.0,0.0,0.0,0.0,0.0,0.0,0.0,0.0,0.0,0.0,0.0,0.0,0.0,0.0,0.0,0.0,0.0,0.0,0.0,3.0,3.0
0.9750872536155105,1.6111111111111112,1.2608695652173914,0.4117647058823529,0.3181818181818182,0.1875,0.14285714285714285,0.06666666666666667,0.05,0.0,0.0,0.0,0.0,10.975409836065573,8.80921052631579,2.5950413223140494,2.0794701986754967,1.4833333333333334,1.1866666666666668,1.1092436974789917,0.8859060402684564,0.9322033898305084,0.7432432432432432,0.7777777777777778,0.6190476190476191,0.6379310344827587,0.5068493150684932,0.5043478260869565,0.4,0.39473684210526316,0.3125,0.336283185840708,0.26573426573426573,0.2767857142857143,0.21830985915492956,0.22522522522522523,0.1773049645390071,0.19090909090909092,0.15,0.1651376146788991,0.12949640287769784,0.1388888888888889,0.10869565217391304,0.11214953271028037,0.08759124087591241,0.09433962264150944,0.07352941176470588,0.0761904761904762,0.05925925925925926,0.057692307692307696,0.04477611940298507,0.038834951456310676,0.03007518796992481,0.0196078431372549,0.015151515151515152,0.0,0.0,0.0,0.0,0.0,0.0,0.0,0.0,0.0,0.0,0.0,0.0,0.0,0.0,0.0,0.0,0.0,0.0,0.0,0.0,0.0,0.0,0.0,0.0,0.0,0.0,0.0,0.0,0.0,0.0,0.0,0.0,0.0,0.0,0.0,0.0,0.0,0.0,5.0,4.5
0.992610005271542,0.875,0.7777777777777778,0.0,0.0,0.0,0.0,0.0,0.0,0.0,0.0,0.0,0.0,4.067796610169491,4.2105263157894735,1.1206896551724137,1.1607142857142858,0.7719298245614035,0.8,0.6071428571428571,0.6296296296296297,0.4727272727272727,0.49056603773584906,0.35185185185185186,0.36538461538461536,0.22641509433962265,0.23529411764705882,0.1346153846153846,0.14,0.09803921568627451,0.10204081632653061,0.08,0.08333333333333333,0.061224489795918366,0.06382978723404255,0.041666666666666664,0.043478260869565216,0.02127659574468085,0.022222222222222223,0.0,0.0,0.0,0.0,0.0,0.0,0.0,0.0,0.0,0.0,0.0,0.0,0.0,0.0,0.0,0.0,0.0,0.0,0.0,0.0,0.0,0.0,0.0,0.0,0.0,0.0,0.0,0.0,0.0,0.0,0.0,0.0,0.0,0.0,0.0,0.0,0.0,0.0,0.0,0.0,0.0,0.0,0.0,0.0,0.0,0.0,0.0,0.0,0.0,0.0,0.0,0.0,0.0,0.0,4.0,3.0
0.672177369209328,0.6666666666666666,0.4,0.2,0.1111111111111111,0.0,0.0,0.0,0.0,0.0,0.0,0.0,0.0,5.125,3.671641791044776,1.0638297872340425,0.7575757575757576,0.7608695652173914,0.5384615384615384,0.6666666666666666,0.46875,0.5681818181818182,0.3968253968253968,0.46511627906976744,0.3225806451612903,0.38095238095238093,0.26229508196721313,0.3170731707317073,0.21666666666666667,0.275,0.1864406779661017,0.23076923076923078,0.15517241379310345,0.18421052631578946,0.12280701754385964,0.13513513513513514,0.08928571428571429,0.08333333333333333,0.05454545454545454,0.02857142857142857,0.018518518518518517,0.0,0.0,0.0,0.0,0.0,0.0,0.0,0.0,0.0,0.0,0.0,0.0,0.0,0.0,0.0,0.0,0.0,0.0,0.0,0.0,0.0,0.0,0.0,0.0,0.0,0.0,0.0,0.0,0.0,0.0,0.0,0.0,0.0,0.0,0.0,0.0,0.0,0.0,0.0,0.0,0.0,0.0,0.0,0.0,0.0,0.0,0.0,0.0,0.0,0.0,0.0,0.0,4.0,3.0
0.9510790488273011,0.8,0.6,0.21428571428571427,0.15789473684210525,0.0,0.0,0.0,0.0,0.0,0.0,0.0,0.0,9.5,6.75206611570248,1.423529411764706,1.0083333333333333,0.6428571428571429,0.453781512605042,0.4819277108433735,0.3389830508474576,0.3780487804878049,0.26495726495726496,0.30864197530864196,0.21551724137931033,0.275,0.19130434782608696,0.24050632911392406,0.16666666666666666,0.20512820512820512,0.1415929203539823,0.16883116883116883,0.11607142857142858,0.13157894736842105,0.09009009009009009,0.10666666666666667,0.07272727272727272,0.08108108108108109,0.05504587155963303,0.0547945205479452,0.037037037037037035,0.027777777777777776,0.018691588785046728,0.0,0.0,0.0,0.0,0.0,0.0,0.0,0.0,0.0,0.0,0.0,0.0,0.0,0.0,0.0,0.0,0.0,0.0,0.0,0.0,0.0,0.0,0.0,0.0,0.0,0.0,0.0,0.0,0.0,0.0,0.0,0.0,0.0,0.0,0.0,0.0,0.0,0.0,0.0,0.0,0.0,0.0,0.0,0.0,0.0,0.0,0.0,0.0,0.0,0.0,3.5,3.0
0.7499854896265691,0.42857142857142855,0.2727272727272727,0.0,0.0,0.0,0.0,0.0,0.0,0.0,0.0,0.0,0.0,5.23404255319149,3.6176470588235294,1.0434782608695652,0.7164179104477612,0.7555555555555555,0.5151515151515151,0.6136363636363636,0.4153846153846154,0.5116279069767442,0.34375,0.40476190476190477,0.2698412698412698,0.2926829268292683,0.1935483870967742,0.175,0.11475409836065574,0.10256410256410256,0.06666666666666667,0.05263157894736842,0.03389830508474576,0.02702702702702703,0.017241379310344827,0.0,0.0,0.0,0.0,0.0,0.0,0.0,0.0,0.0,0.0,0.0,0.0,0.0,0.0,0.0,0.0,0.0,0.0,0.0,0.0,0.0,0.0,0.0,0.0,0.0,0.0,0.0,0.0,0.0,0.0,0.0,0.0,0.0,0.0,0.0,0.0,0.0,0.0,0.0,0.0,0.0,0.0,0.0,0.0,0.0,0.0,0.0,0.0,0.0,0.0,0.0,0.0,0.0,0.0,0.0,0.0,0.0,0.0,3.5,4.0
0.8254195499347967,0.8,0.5333333333333333,0.1111111111111111,0.07142857142857142,0.0,0.0,0.0,0.0,0.0,0.0,0.0,0.0,7.108433734939759,6.020408163265306,1.0853658536585367,0.9175257731958762,0.691358024691358,0.5833333333333334,0.5625,0.47368421052631576,0.4430379746835443,0.3723404255319149,0.358974358974359,0.3010752688172043,0.2987012987012987,0.25,0.25,0.2087912087912088,0.2,0.16666666666666666,0.16216216216216217,0.1348314606741573,0.1232876712328767,0.10227272727272728,0.08333333333333333,0.06896551724137931,0.04225352112676056,0.03488372093023256,0.02857142857142857,0.023529411764705882,0.014492753623188406,0.011904761904761904,0.0,0.0,0.0,0.0,0.0,0.0,0.0,0.0,0.0,0.0,0.0,0.0,0.0,0.0,0.0,0.0,0.0,0.0,0.0,0.0,0.0,0.0,0.0,0.0,0.0,0.0,0.0,0.0,0.0,0.0,0.0,0.0,0.0,0.0,0.0,0.0,0.0,0.0,0.0,0.0,0.0,0.0,0.0,0.0,0.0,0.0,0.0,0.0,0.0,0.0,2.5,3.0
0.9452454206830111,0.5,0.5,0.1111111111111111,0.1111111111111111,0.0,0.0,0.0,0.0,0.0,0.0,0.0,0.0,5.675,5.746835443037975,1.3417721518987342,1.358974358974359,0.8589743589743589,0.8701298701298701,0.7142857142857143,0.7236842105263158,0.631578947368421,0.64,0.56,0.5675675675675675,0.4864864864864865,0.4931506849315068,0.4246575342465753,0.4305555555555556,0.375,0.38028169014084506,0.323943661971831,0.32857142857142857,0.2714285714285714,0.2753623188405797,0.21739130434782608,0.22058823529411764,0.16176470588235295,0.16417910447761194,0.11940298507462686,0.12121212121212122,0.07575757575757576,0.07692307692307693,0.046153846153846156,0.046875,0.015625,0.015873015873015872,0.0,0.0,0.0,0.0,0.0,0.0,0.0,0.0,0.0,0.0,0.0,0.0,0.0,0.0,0.0,0.0,0.0,0.0,0.0,0.0,0.0,0.0,0.0,0.0,0.0,0.0,0.0,0.0,0.0,0.0,0.0,0.0,0.0,0.0,0.0,0.0,0.0,0.0,0.0,0.0,0.0,0.0,0.0,0.0,0.0,0.0,3.0,3.0
0.8903129723549631,0.7142857142857143,0.8333333333333334,0.3333333333333333,0.4,0.2,0.25,0.0,0.0,0.0,0.0,0.0,0.0,4.1875,3.9411764705882355,0.9787234042553191,0.92,0.7608695652173914,0.7142857142857143,0.6666666666666666,0.625,0.5909090909090909,0.5531914893617021,0.5348837209302325,0.5,0.5,0.4666666666666667,0.4634146341463415,0.4318181818181818,0.425,0.3953488372093023,0.38461538461538464,0.35714285714285715,0.34210526315789475,0.3170731707317073,0.2972972972972973,0.275,0.25,0.23076923076923078,0.2,0.18421052631578946,0.14705882352941177,0.13513513513513514,0.12121212121212122,0.1111111111111111,0.09375,0.08571428571428572,0.06451612903225806,0.058823529411764705,0.03333333333333333,0.030303030303030304,0.0,0.0,0.0,0.0,0.0,0.0,0.0,0.0,0.0,0.0,0.0,0.0,0.0,0.0,0.0,0.0,0.0,0.0,0.0,0.0,0.0,0.0,0.0,0.0,0.0,0.0,0.0,0.0,0.0,0.0,0.0,0.0,0.0,0.0,0.0,0.0,0.0,0.0,0.0,0.0,0.0,0.0,4.0,5.0
0.9202002059352342,0.7777777777777778,0.7777777777777778,0.25,0.25,0.0,0.0,0.0,0.0,0.0,0.0,0.0,0.0,4.703703703703703,4.305084745762712,1.1320754716981132,1.0344827586206897,0.75,0.6842105263157895,0.6470588235294118,0.5892857142857143,0.54,0.4909090909090909,0.4489795918367347,0.4074074074074074,0.375,0.33962264150943394,0.2978723404255319,0.2692307692307692,0.2391304347826087,0.21568627450980393,0.17777777777777778,0.16,0.11363636363636363,0.10204081632653061,0.06976744186046512,0.0625,0.023809523809523808,0.02127659574468085,0.0,0.0,0.0,0.0,0.0,0.0,0.0,0.0,0.0,0.0,0.0,0.0,0.0,0.0,0.0,0.0,0.0,0.0,0.0,0.0,0.0,0.0,0.0,0.0,0.0,0.0,0.0,0.0,0.0,0.0,0.0,0.0,0.0,0.0,0.0,0.0,0.0,0.0,0.0,0.0,0.0,0.0,0.0,0.0,0.0,0.0,0.0,0.0,0.0,0.0,0.0,0.0,0.0,0.0,3.5,4.0
0.45528593507194715,0.7142857142857143,0.7142857142857143,0.5,0.5,0.4,0.4,0.25,0.25,0.0,0.0,0.0,0.0,3.673076923076923,3.673076923076923,1.1176470588235294,1.1176470588235294,0.86,0.86,0.7755102040816326,0.7755102040816326,0.6875,0.6875,0.6382978723404256,0.6382978723404256,0.5869565217391305,0.5869565217391305,0.5333333333333333,0.5333333333333333,0.4772727272727273,0.4772727272727273,0.4186046511627907,0.4186046511627907,0.35714285714285715,0.35714285714285715,0.2926829268292683,0.2926829268292683,0.275,0.275,0.2564102564102564,0.2564102564102564,0.23684210526315788,0.23684210526315788,0.21621621621621623,0.21621621621621623,0.19444444444444445,0.19444444444444445,0.17142857142857143,0.17142857142857143,0.14705882352941177,0.14705882352941177,0.12121212121212122,0.12121212121212122,0.09375,0.09375,0.06451612903225806,0.06451612903225806,0.03333333333333333,0.03333333333333333,0.0,0.0,0.0,0.0,0.0,0.0,0.0,0.0,0.0,0.0,0.0,0.0,0.0,0.0,0.0,0.0,0.0,0.0,0.0,0.0,0.0,0.0,0.0,0.0,0.0,0.0,0.0,0.0,0.0,0.0,0.0,0.0,0.0,0.0,4.5,4.0
0.9676904765941305,0.8666666666666667,0.7222222222222222,0.42857142857142855,0.35294117647058826,0.3076923076923077,0.25,0.25,0.2,0.18181818181818182,0.14285714285714285,0.1,0.07692307692307693,9.63302752293578,8.46774193548387,1.75,1.5365853658536586,0.9813084112149533,0.860655737704918,0.7169811320754716,0.628099173553719,0.6,0.525,0.5192307692307693,0.453781512605042,0.44660194174757284,0.3898305084745763,0.4019607843137255,0.3504273504273504,0.36633663366336633,0.31896551724137934,0.33,0.28695652173913044,0.29292929292929293,0.2543859649122807,0.2653061224489796,0.23008849557522124,0.24742268041237114,0.21428571428571427,0.22916666666666666,0.1981981981981982,0.21052631578947367,0.18181818181818182,0.19148936170212766,0.1651376146788991,0.1827956989247312,0.1574074074074074,0.17391304347826086,0.14953271028037382,0.16483516483516483,0.14150943396226415,0.15555555555555556,0.13333333333333333,0.14606741573033707,0.125,0.13636363636363635,0.11650485436893204,0.12643678160919541,0.10784313725490197,0.11627906976744186,0.09900990099009901,0.10588235294117647,0.09,0.09523809523809523,0.08080808080808081,0.08433734939759036,0.07142857142857142,0.07317073170731707,0.061855670103092786,0.06172839506172839,0.052083333333333336,0.05,0.042105263157894736,0.0379746835443038,0.031914893617021274,0.02564102564102564,0.021505376344086023,0.012987012987012988,0.010869565217391304,0.0,0.0,0.0,0.0,0.0,0.0,0.0,0.0,0.0,0.0,0.0,0.0,0.0,0.0,4.0,3.5
0.8817919725443594,0.5,0.42857142857142855,0.0,0.0,0.0,0.0,0.0,0.0,0.0,0.0,0.0,0.0,4.882352941176471,4.220338983050848,1.34,1.1551724137931034,1.163265306122449,1.0,0.9791666666666666,0.8392857142857143,0.8297872340425532,0.7090909090909091,0.6739130434782609,0.5740740740740741,0.5111111111111111,0.4339622641509434,0.38636363636363635,0.3269230769230769,0.27906976744186046,0.23529411764705882,0.16666666666666666,0.14,0.0975609756097561,0.08163265306122448,0.075,0.0625,0.05128205128205128,0.0425531914893617,0.02631578947368421,0.021739130434782608,0.0,0.0,0.0,0.0,0.0,0.0,0.0,0.0,0.0,0.0,0.0,0.0,0.0,0.0,0.0,0.0,0.0,0.0,0.0,0.0,0.0,0.0,0.0,0.0,0.0,0.0,0.0,0.0,0.0,0.0,0.0,0.0,0.0,0.0,0.0,0.0,0.0,0.0,0.0,0.0,0.0,0.0,0.0,0.0,0.0,0.0,0.0,0.0,0.0,0.0,0.0,0.0,4.0,3.0
0.9817113112612968,0.8333333333333334,0.8333333333333334,0.2,0.2,0.0,0.0,0.0,0.0,0.0,0.0,0.0,0.0,4.0,3.9148936170212765,1.3111111111111111,1.2826086956521738,0.8636363636363636,0.8444444444444444,0.7674418604651163,0.75,0.7142857142857143,0.6976744186046512,0.6585365853658537,0.6428571428571429,0.6,0.5853658536585366,0.5384615384615384,0.525,0.47368421052631576,0.46153846153846156,0.40540540540540543,0.39473684210526316,0.3333333333333333,0.32432432432432434,0.2857142857142857,0.2777777777777778,0.2647058823529412,0.2571428571428571,0.24242424242424243,0.23529411764705882,0.21875,0.21212121212121213,0.1935483870967742,0.1875,0.16666666666666666,0.16129032258064516,0.13793103448275862,0.13333333333333333,0.10714285714285714,0.10344827586206896,0.07407407407407407,0.07142857142857142,0.038461538461538464,0.037037037037037035,0.0,0.0,0.0,0.0,0.0,0.0,0.0,0.0,0.0,0.0,0.0,0.0,0.0,0.0,0.0,0.0,0.0,0.0,0.0,0.0,0.0,0.0,0.0,0.0,0.0,0.0,0.0,0.0,0.0,0.0,0.0,0.0,0.0,0.0,0.0,0.0,0.0,0.0,5.0,5.0
0.7127940465355084,0.7142857142857143,0.4166666666666667,0.0,0.0,0.0,0.0,0.0,0.0,0.0,0.0,0.0,0.0,7.316666666666666,4.621052631578947,1.6271186440677967,1.0212765957446808,0.9137931034482759,0.5698924731182796,0.7192982456140351,0.44565217391304346,0.5892857142857143,0.3626373626373626,0.4727272727272727,0.28888888888888886,0.3888888888888889,0.23595505617977527,0.3018867924528302,0.18181818181818182,0.23076923076923078,0.13793103448275862,0.1568627450980392,0.09302325581395349,0.1,0.058823529411764705,0.061224489795918366,0.03571428571428571,0.020833333333333332,0.012048192771084338,0.0,0.0,0.0,0.0,0.0,0.0,0.0,0.0,0.0,0.0,0.0,0.0,0.0,0.0,0.0,0.0,0.0,0.0,0.0,0.0,0.0,0.0,0.0,0.0,0.0,0.0,0.0,0.0,0.0,0.0,0.0,0.0,0.0,0.0,0.0,0.0,0.0,0.0,0.0,0.0,0.0,0.0,0.0,0.0,0.0,0.0,0.0,0.0,0.0,0.0,0.0,0.0,0.0,0.0,3.0,3.0
0.986837054954469,1.368421052631579,1.1818181818181819,0.4444444444444444,0.38095238095238093,0.23529411764705882,0.2,0.125,0.10526315789473684,0.06666666666666667,0.05555555555555555,0.0,0.0,10.65040650406504,9.160839160839162,1.7704918032786885,1.5211267605633803,0.9090909090909091,0.7801418439716312,0.6083333333333333,0.5214285714285715,0.48739495798319327,0.4172661870503597,0.4322033898305085,0.3695652173913043,0.38461538461538464,0.3284671532846715,0.3448275862068966,0.29411764705882354,0.30434782608695654,0.25925925925925924,0.2631578947368421,0.22388059701492538,0.22123893805309736,0.18796992481203006,0.1875,0.1590909090909091,0.16216216216216217,0.13740458015267176,0.13636363636363635,0.11538461538461539,0.11009174311926606,0.09302325581395349,0.08333333333333333,0.0703125,0.07476635514018691,0.06299212598425197,0.0660377358490566,0.05555555555555555,0.05714285714285714,0.048,0.04807692307692308,0.04032258064516129,0.038834951456310676,0.032520325203252036,0.029411764705882353,0.02459016393442623,0.019801980198019802,0.01652892561983471,0.01,0.008333333333333333,0.0,0.0,0.0,0.0,0.0,0.0,0.0,0.0,0.0,0.0,0.0,0.0,0.0,0.0,0.0,0.0,0.0,0.0,0.0,0.0,0.0,0.0,0.0,0.0,0.0,0.0,0.0,0.0,0.0,0.0,0.0,0.0,3.0,3.5
0.9749109329623906,0.7,0.875,0.4444444444444444,0.5714285714285714,0.375,0.5,0.2857142857142857,0.4,0.16666666666666666,0.25,0.0,0.0,4.327868852459017,4.8,1.3166666666666667,1.462962962962963,0.8305084745762712,0.9245283018867925,0.6551724137931034,0.7307692307692307,0.5789473684210527,0.6470588235294118,0.5535714285714286,0.62,0.5272727272727272,0.5918367346938775,0.5185185185185185,0.5833333333333334,0.5094339622641509,0.574468085106383,0.5,0.5652173913043478,0.49019607843137253,0.5555555555555556,0.48,0.5454545454545454,0.46938775510204084,0.5348837209302325,0.4583333333333333,0.5238095238095238,0.44680851063829785,0.5121951219512195,0.43478260869565216,0.5,0.4222222222222222,0.48717948717948717,0.4090909090909091,0.47368421052631576,0.3953488372093023,0.4594594594594595,0.38095238095238093,0.4444444444444444,0.36585365853658536,0.42857142857142855,0.35,0.4117647058823529,0.3333333333333333,0.3939393939393939,0.3157894736842105,0.375,0.2972972972972973,0.3548387096774194,0.2777777777777778,0.3333333333333333,0.2571428571428571,0.3103448275862069,0.23529411764705882,0.2857142857142857,0.21212121212121213,0.25925925925925924,0.1875,0.23076923076923078,0.16129032258064516,0.2,0.13333333333333333,0.16666666666666666,0.10344827586206896,0.13043478260869565,0.07142857142857142,0.09090909090909091,0.037037037037037035,0.047619047619047616,0.0,0.0,0.0,0.0,0.0,0.0,0.0,0.0,0.0,0.0,5.0,5.0
0.9679502476920189,0.9166666666666666,0.9166666666666666,0.5454545454545454,0.5454545454545454,0.4,0.4,0.3333333333333333,0.3333333333333333,0.25,0.25,0.14285714285714285,0.14285714285714285,6.304878048780488,6.382716049382716,1.382716049382716,1.4,0.925,0.9367088607594937,0.8227848101265823,0.8333333333333334,0.7307692307692307,0.7402597402597403,0.6623376623376623,0.6710526315789473,0.5921052631578947,0.6,0.52,0.527027027027027,0.4864864864864865,0.4931506849315068,0.4657534246575342,0.4722222222222222,0.4444444444444444,0.4507042253521127,0.4225352112676056,0.42857142857142855,0.4,0.4057971014492754,0.37681159420289856,0.38235294117647056,0.35294117647058826,0.3582089552238806,0.3283582089552239,0.3333333333333333,0.3181818181818182,0.3230769230769231,0.3076923076923077,0.3125,0.296875,0.30158730158730157,0.2857142857142857,0.2903225806451613,0.27419354838709675,0.2786885245901639,0.26229508196721313,0.26666666666666666,0.25,0.2542372881355932,0.23728813559322035,0.2413793103448276,0.22413793103448276,0.22807017543859648,0.21052631578947367,0.21428571428571427,0.19642857142857142,0.2,0.18181818181818182,0.18518518518518517,0.16666666666666666,0.16981132075471697,0.1509433962264151,0.15384615384615385,0.1346153846153846,0.13725490196078433,0.11764705882352941,0.12,0.1,0.10204081632653061,0.08163265306122448,0.08333333333333333,0.0625,0.06382978723404255,0.0425531914893617,0.043478260869565216,0.021739130434782608,0.022222222222222223,0.0,0.0,0.0,0.0,0.0,0.0,3.0,4.0
0.9657550497214087,0.8,0.9230769230769231,0.2857142857142857,0.3333333333333333,0.07692307692307693,0.09090909090909091,0.0,0.0,0.0,0.0,0.0,0.0,5.564705882352941,6.064102564102564,1.1547619047619047,1.2597402597402598,0.8072289156626506,0.881578947368421,0.6463414634146342,0.7066666666666667,0.5555555555555556,0.6081081081081081,0.4875,0.5342465753424658,0.4177215189873418,0.4583333333333333,0.358974358974359,0.39436619718309857,0.3116883116883117,0.34285714285714286,0.2631578947368421,0.2898550724637681,0.21333333333333335,0.23529411764705882,0.16216216216216217,0.1791044776119403,0.1232876712328767,0.13636363636363635,0.1111111111111111,0.12307692307692308,0.09859154929577464,0.109375,0.08571428571428572,0.09523809523809523,0.07246376811594203,0.08064516129032258,0.058823529411764705,0.06557377049180328,0.04477611940298507,0.05,0.030303030303030304,0.03389830508474576,0.015384615384615385,0.017241379310344827,0.0,0.0,0.0,0.0,0.0,0.0,0.0,0.0,0.0,0.0,0.0,0.0,0.0,0.0,0.0,0.0,0.0,0.0,0.0,0.0,0.0,0.0,0.0,0.0,0.0,0.0,0.0,0.0,0.0,0.0,0.0,0.0,0.0,0.0,0.0,0.0,0.0,0.0,3.0,3.0
0.8917458393426606,0.75,0.375,0.0,0.0,0.0,0.0,0.0,0.0,0.0,0.0,0.0,0.0,4.32258064516129,2.161290322580645,1.0,0.4918032786885246,0.6551724137931034,0.31666666666666665,0.5,0.23728813559322035,0.3333333333333333,0.15517241379310345,0.19230769230769232,0.08771929824561403,0.04,0.017857142857142856,0.0,0.0,0.0,0.0,0.0,0.0,0.0,0.0,0.0,0.0,0.0,0.0,0.0,0.0,0.0,0.0,0.0,0.0,0.0,0.0,0.0,0.0,0.0,0.0,0.0,0.0,0.0,0.0,0.0,0.0,0.0,0.0,0.0,0.0,0.0,0.0,0.0,0.0,0.0,0.0,0.0,0.0,0.0,0.0,0.0,0.0,0.0,0.0,0.0,0.0,0.0,0.0,0.0,0.0,0.0,0.0,0.0,0.0,0.0,0.0,0.0,0.0,0.0,0.0,0.0,0.0,2.0,3.0
0.6436900994189164,0.7272727272727273,0.5714285714285714,0.1,0.07692307692307693,0.0,0.0,0.0,0.0,0.0,0.0,0.0,0.0,7.405063291139241,5.735294117647059,1.4615384615384615,1.1287128712871286,0.7922077922077922,0.61,0.5789473684210527,0.4444444444444444,0.41333333333333333,0.3163265306122449,0.32432432432432434,0.24742268041237114,0.2465753424657534,0.1875,0.19444444444444445,0.14736842105263157,0.14084507042253522,0.10638297872340426,0.11428571428571428,0.08602150537634409,0.08695652173913043,0.06521739130434782,0.058823529411764705,0.04395604395604396,0.04477611940298507,0.03333333333333333,0.030303030303030304,0.02247191011235955,0.015384615384615385,0.011363636363636364,0.0,0.0,0.0,0.0,0.0,0.0,0.0,0.0,0.0,0.0,0.0,0.0,0.0,0.0,0.0,0.0,0.0,0.0,0.0,0.0,0.0,0.0,0.0,0.0,0.0,0.0,0.0,0.0,0.0,0.0,0.0,0.0,0.0,0.0,0.0,0.0,0.0,0.0,0.0,0.0,0.0,0.0,0.0,0.0,0.0,0.0,0.0,0.0,0.0,0.0,2.0,3.0
0.9087899080474833,0.6923076923076923,0.5294117647058824,0.16666666666666666,0.125,0.0,0.0,0.0,0.0,0.0,0.0,0.0,0.0,7.3580246913580245,5.570093457943925,1.4125,1.0660377358490567,0.759493670886076,0.5714285714285714,0.5512820512820513,0.41346153846153844,0.42857142857142855,0.32038834951456313,0.3157894736842105,0.23529411764705882,0.24,0.1782178217821782,0.17567567567567569,0.13,0.1232876712328767,0.09090909090909091,0.06944444444444445,0.05102040816326531,0.028169014084507043,0.020618556701030927,0.0,0.0,0.0,0.0,0.0,0.0,0.0,0.0,0.0,0.0,0.0,0.0,0.0,0.0,0.0,0.0,0.0,0.0,0.0,0.0,0.0,0.0,0.0,0.0,0.0,0.0,0.0,0.0,0.0,0.0,0.0,0.0,0.0,0.0,0.0,0.0,0.0,0.0,0.0,0.0,0.0,0.0,0.0,0.0,0.0,0.0,0.0,0.0,0.0,0.0,0.0,0.0,0.0,0.0,0.0,0.0,0.0,0.0,3.0,3.0
0.4337550684277481,0.6,0.42857142857142855,0.0,0.0,0.0,0.0,0.0,0.0,0.0,0.0,0.0,0.0,4.017857142857143,3.75,0.8545454545454545,0.7966101694915254,0.5740740740740741,0.5344827586206896,0.5283018867924528,0.49122807017543857,0.4807692307692308,0.44642857142857145,0.43137254901960786,0.4,0.38,0.35185185185185186,0.32653061224489793,0.3018867924528302,0.2708333333333333,0.25,0.2127659574468085,0.19607843137254902,0.15217391304347827,0.14,0.1111111111111111,0.10204081632653061,0.06818181818181818,0.0625,0.023255813953488372,0.02127659574468085,0.0,0.0,0.0,0.0,0.0,0.0,0.0,0.0,0.0,0.0,0.0,0.0,0.0,0.0,0.0,0.0,0.0,0.0,0.0,0.0,0.0,0.0,0.0,0.0,0.0,0.0,0.0,0.0,0.0,0.0,0.0,0.0,0.0,0.0,0.0,0.0,0.0,0.0,0.0,0.0,0.0,0.0,0.0,0.0,0.0,0.0,0.0,0.0,0.0,0.0,0.0,0.0,3.0,3.0
0.9688190490316824,0.75,0.75,0.14285714285714285,0.14285714285714285,0.0,0.0,0.0,0.0,0.0,0.0,0.0,0.0,4.693548387096774,4.409090909090909,1.360655737704918,1.2769230769230768,0.8833333333333333,0.828125,0.6949152542372882,0.6507936507936508,0.5862068965517241,0.5483870967741935,0.5263157894736842,0.4918032786885246,0.4642857142857143,0.43333333333333335,0.4,0.3728813559322034,0.3333333333333333,0.3103448275862069,0.2641509433962264,0.24561403508771928,0.21153846153846154,0.19642857142857142,0.1568627450980392,0.14545454545454545,0.1,0.09259259259259259,0.04081632653061224,0.03773584905660377,0.0,0.0,0.0,0.0,0.0,0.0,0.0,0.0,0.0,0.0,0.0,0.0,0.0,0.0,0.0,0.0,0.0,0.0,0.0,0.0,0.0,0.0,0.0,0.0,0.0,0.0,0.0,0.0,0.0,0.0,0.0,0.0,0.0,0.0,0.0,0.0,0.0,0.0,0.0,0.0,0.0,0.0,0.0,0.0,0.0,0.0,0.0,0.0,0.0,0.0,0.0,0.0,3.0,3.5
0.6653975182823127,0.8333333333333334,0.5555555555555556,0.6,0.375,0.5,0.2857142857142857,0.3333333333333333,0.16666666666666666,0.0,0.0,0.0,0.0,4.204545454545454,3.0833333333333335,1.0232558139534884,0.7457627118644068,0.8095238095238095,0.5862068965517241,0.7804878048780488,0.5614035087719298,0.75,0.5357142857142857,0.717948717948718,0.509090909090909,0.6842105263157895,0.48148148148148145,0.6486486486486487,0.4528301886792453,0.6388888888888888,0.4423076923076923,0.6285714285714286,0.43137254901960786,0.6176470588235294,0.42,0.6060606060606061,0.40816326530612246,0.59375,0.3958333333333333,0.5806451612903226,0.3829787234042553,0.5666666666666667,0.3695652173913043,0.5517241379310345,0.35555555555555557,0.5357142857142857,0.3409090909090909,0.5185185185185185,0.32558139534883723,0.5,0.30952380952380953,0.48,0.2926829268292683,0.4583333333333333,0.275,0.43478260869565216,0.2564102564102564,0.4090909090909091,0.23684210526315788,0.38095238095238093,0.21621621621621623,0.35,0.19444444444444445,0.3157894736842105,0.17142857142857143,0.2777777777777778,0.14705882352941177,0.23529411764705882,0.12121212121212122,0.1875,0.09375,0.13333333333333333,0.06451612903225806,0.07142857142857142,0.03333333333333333,0.0,0.0,0.0,0.0,0.0,0.0,0.0,0.0,0.0,0.0,0.0,0.0,0.0,0.0,0.0,0.0,0.0,0.0,5.0,4.0
0.9627463205556328,0.75,0.75,0.3333333333333333,0.3333333333333333,0.0,0.0,0.0,0.0,0.0,0.0,0.0,0.0,2.111111111111111,1.9,0.8846153846153846,0.7931034482758621,0.76,0.6785714285714286,0.7083333333333334,0.6296296296296297,0.6521739130434783,0.5769230769230769,0.5909090909090909,0.52,0.5238095238095238,0.4583333333333333,0.45,0.391304347826087,0.3684210526315789,0.3181818181818182,0.2777777777777778,0.23809523809523808,0.17647058823529413,0.15,0.0625,0.05263157894736842,0.0,0.0,0.0,0.0,0.0,0.0,0.0,0.0,0.0,0.0,0.0,0.0,0.0,0.0,0.0,0.0,0.0,0.0,0.0,0.0,0.0,0.0,0.0,0.0,0.0,0.0,0.0,0.0,0.0,0.0,0.0,0.0,0.0,0.0,0.0,0.0,0.0,0.0,0.0,0.0,0.0,0.0,0.0,0.0,0.0,0.0,0.0,0.0,0.0,0.0,0.0,0.0,0.0,0.0,0.0,0.0,3.0,3.0
0.8368738898414112,0.8333333333333334,0.625,0.11764705882352941,0.08695652173913043,0.0,0.0,0.0,0.0,0.0,0.0,0.0,0.0,10.741071428571429,7.9144736842105265,1.7207207207207207,1.2649006622516556,0.9727272727272728,0.7133333333333334,0.7431192660550459,0.5436241610738255,0.5925925925925926,0.43243243243243246,0.45794392523364486,0.3333333333333333,0.3490566037735849,0.2534246575342466,0.23809523809523808,0.1724137931034483,0.18269230769230768,0.13194444444444445,0.13592233009708737,0.0979020979020979,0.08823529411764706,0.06338028169014084,0.04950495049504951,0.03546099290780142,0.01,0.007142857142857143,0.0,0.0,0.0,0.0,0.0,0.0,0.0,0.0,0.0,0.0,0.0,0.0,0.0,0.0,0.0,0.0,0.0,0.0,0.0,0.0,0.0,0.0,0.0,0.0,0.0,0.0,0.0,0.0,0.0,0.0,0.0,0.0,0.0,0.0,0.0,0.0,0.0,0.0,0.0,0.0,0.0,0.0,0.0,0.0,0.0,0.0,0.0,0.0,0.0,0.0,0.0,0.0,0.0,0.0,3.0,3.5
0.9856551051127775,0.5454545454545454,0.5454545454545454,0.2,0.2,0.0,0.0,0.0,0.0,0.0,0.0,0.0,0.0,6.296296296296297,5.862068965517241,1.375,1.2790697674418605,0.9240506329113924,0.8588235294117647,0.717948717948718,0.6666666666666666,0.6103896103896104,0.5662650602409639,0.5394736842105263,0.5,0.48,0.4444444444444444,0.43243243243243246,0.4,0.3835616438356164,0.35443037974683544,0.3333333333333333,0.3076923076923077,0.28169014084507044,0.2597402597402597,0.22857142857142856,0.21052631578947367,0.17391304347826086,0.16,0.11764705882352941,0.10810810810810811,0.07462686567164178,0.0684931506849315,0.030303030303030304,0.027777777777777776,0.015384615384615385,0.014084507042253521,0.0,0.0,0.0,0.0,0.0,0.0,0.0,0.0,0.0,0.0,0.0,0.0,0.0,0.0,0.0,0.0,0.0,0.0,0.0,0.0,0.0,0.0,0.0,0.0,0.0,0.0,0.0,0.0,0.0,0.0,0.0,0.0,0.0,0.0,0.0,0.0,0.0,0.0,0.0,0.0,0.0,0.0,0.0,0.0,0.0,0.0,3.0,2.0
0.9909080366729794,1.0,0.7692307692307693,0.3333333333333333,0.25,0.125,0.09090909090909091,0.0,0.0,0.0,0.0,0.0,0.0,7.247191011235955,6.3861386138613865,1.8068181818181819,1.59,1.3448275862068966,1.1818181818181819,1.1395348837209303,1.0,0.9294117647058824,0.8144329896907216,0.7619047619047619,0.6666666666666666,0.6506024096385542,0.5684210526315789,0.5609756097560976,0.48936170212765956,0.49382716049382713,0.43010752688172044,0.425,0.3695652173913043,0.3670886075949367,0.31868131868131866,0.32051282051282054,0.2777777777777778,0.2727272727272727,0.23595505617977527,0.2236842105263158,0.19318181818181818,0.18666666666666668,0.16091954022988506,0.16216216216216217,0.13953488372093023,0.1506849315068493,0.12941176470588237,0.1388888888888889,0.11904761904761904,0.1267605633802817,0.10843373493975904,0.11428571428571428,0.0975609756097561,0.10144927536231885,0.08641975308641975,0.08823529411764706,0.075,0.07462686567164178,0.06329113924050633,0.06060606060606061,0.05128205128205128,0.046153846153846156,0.03896103896103896,0.03125,0.02631578947368421,0.015873015873015872,0.013333333333333334,0.0,0.0,0.0,0.0,0.0,0.0,0.0,0.0,0.0,0.0,0.0,0.0,0.0,0.0,0.0,0.0,0.0,0.0,0.0,0.0,0.0,0.0,0.0,0.0,0.0,0.0,4.0,4.0
0.896659154719645,0.75,0.5294117647058824,0.0,0.0,0.0,0.0,0.0,0.0,0.0,0.0,0.0,0.0,8.183673469387756,6.365079365079365,1.907216494845361,1.48,1.1041666666666667,0.8548387096774194,0.8210526315789474,0.6341463414634146,0.648936170212766,0.5,0.4946236559139785,0.38016528925619836,0.358695652173913,0.275,0.27472527472527475,0.21008403361344538,0.2,0.15254237288135594,0.1348314606741573,0.10256410256410256,0.09090909090909091,0.06896551724137931,0.05747126436781609,0.043478260869565216,0.03488372093023256,0.02631578947368421,0.011764705882352941,0.008849557522123894,0.0,0.0,0.0,0.0,0.0,0.0,0.0,0.0,0.0,0.0,0.0,0.0,0.0,0.0,0.0,0.0,0.0,0.0,0.0,0.0,0.0,0.0,0.0,0.0,0.0,0.0,0.0,0.0,0.0,0.0,0.0,0.0,0.0,0.0,0.0,0.0,0.0,0.0,0.0,0.0,0.0,0.0,0.0,0.0,0.0,0.0,0.0,0.0,0.0,0.0,0.0,0.0,4.0,3.5
0.9021033577825797,0.5454545454545454,0.375,0.4,0.26666666666666666,0.2222222222222222,0.14285714285714285,0.125,0.07692307692307693,0.0,0.0,0.0,0.0,7.6571428571428575,5.414141414141414,1.289855072463768,0.9081632653061225,0.6911764705882353,0.4845360824742268,0.5522388059701493,0.3854166666666667,0.5,0.3473684210526316,0.47692307692307695,0.32978723404255317,0.453125,0.3118279569892473,0.42857142857142855,0.29347826086956524,0.4032258064516129,0.27472527472527475,0.3770491803278688,0.25555555555555554,0.35,0.23595505617977527,0.3220338983050847,0.2159090909090909,0.29310344827586204,0.19540229885057472,0.2631578947368421,0.1744186046511628,0.23214285714285715,0.15294117647058825,0.2,0.13095238095238096,0.18518518518518517,0.12048192771084337,0.16981132075471697,0.10975609756097561,0.15384615384615385,0.09876543209876543,0.13725490196078433,0.0875,0.12,0.0759493670886076,0.10204081632653061,0.0641025641025641,0.08333333333333333,0.05194805194805195,0.06382978723404255,0.039473684210526314,0.043478260869565216,0.02666666666666667,0.022222222222222223,0.013513513513513514,0.0,0.0,0.0,0.0,0.0,0.0,0.0,0.0,0.0,0.0,0.0,0.0,0.0,0.0,0.0,0.0,0.0,0.0,0.0,0.0,0.0,0.0,0.0,0.0,0.0,0.0,0.0,0.0,3.5,3.5
0.9207495743660059,0.6666666666666666,0.5714285714285714,0.45454545454545453,0.38461538461538464,0.3,0.25,0.2222222222222222,0.18181818181818182,0.125,0.1,0.0,0.0,6.349397590361446,5.921348314606742,1.1585365853658536,1.0795454545454546,0.7407407407407407,0.6896551724137931,0.65,0.6046511627906976,0.569620253164557,0.5294117647058824,0.5256410256410257,0.4880952380952381,0.4805194805194805,0.4457831325301205,0.4342105263157895,0.4024390243902439,0.4,0.37037037037037035,0.3783783783783784,0.35,0.3561643835616438,0.3291139240506329,0.3333333333333333,0.3076923076923077,0.30985915492957744,0.2857142857142857,0.2857142857142857,0.2631578947368421,0.2608695652173913,0.24,0.23529411764705882,0.21621621621621623,0.22388059701492538,0.2054794520547945,0.21212121212121213,0.19444444444444445,0.2,0.18309859154929578,0.1875,0.17142857142857143,0.1746031746031746,0.15942028985507245,0.16129032258064516,0.14705882352941177,0.14754098360655737,0.13432835820895522,0.13333333333333333,0.12121212121212122,0.11864406779661017,0.1076923076923077,0.10344827586206896,0.09375,0.08771929824561403,0.07936507936507936,0.07142857142857142,0.06451612903225806,0.05454545454545454,0.04918032786885246,0.037037037037037035,0.03333333333333333,0.018867924528301886,0.01694915254237288,0.0,0.0,0.0,0.0,0.0,0.0,0.0,0.0,0.0,0.0,0.0,0.0,0.0,0.0,0.0,0.0,0.0,0.0,3.0,3.0
0.7008528967899957,0.625,0.5555555555555556,0.2857142857142857,0.25,0.16666666666666666,0.14285714285714285,0.0,0.0,0.0,0.0,0.0,0.0,4.285714285714286,3.442622950819672,1.0416666666666667,0.8333333333333334,0.8297872340425532,0.6610169491525424,0.6956521739130435,0.5517241379310345,0.6,0.47368421052631576,0.5454545454545454,0.42857142857142855,0.4883720930232558,0.38181818181818183,0.42857142857142855,0.3333333333333333,0.3902439024390244,0.3018867924528302,0.35,0.2692307692307692,0.3076923076923077,0.23529411764705882,0.2631578947368421,0.2,0.24324324324324326,0.1836734693877551,0.2222222222222222,0.16666666666666666,0.2,0.14893617021276595,0.17647058823529413,0.13043478260869565,0.15151515151515152,0.1111111111111111,0.125,0.09090909090909091,0.0967741935483871,0.06976744186046512,0.06666666666666667,0.047619047619047616,0.034482758620689655,0.024390243902439025,0.0,0.0,0.0,0.0,0.0,0.0,0.0,0.0,0.0,0.0,0.0,0.0,0.0,0.0,0.0,0.0,0.0,0.0,0.0,0.0,0.0,0.0,0.0,0.0,0.0,0.0,0.0,0.0,0.0,0.0,0.0,0.0,0.0,0.0,0.0,0.0,0.0,0.0,3.0,3.5
0.9758600133939056,1.52,1.1515151515151516,0.3333333333333333,0.25,0.13043478260869565,0.0967741935483871,0.045454545454545456,0.03333333333333333,0.0,0.0,0.0,0.0,15.85632183908046,12.598173515981735,2.739884393063584,2.1743119266055047,1.3488372093023255,1.0691244239631337,0.9181286549707602,0.7268518518518519,0.7470588235294118,0.5906976744186047,0.6035502958579881,0.4766355140186916,0.47619047619047616,0.3755868544600939,0.3712574850299401,0.29245283018867924,0.29518072289156627,0.23222748815165878,0.2545454545454545,0.2,0.21341463414634146,0.1674641148325359,0.17791411042944785,0.13942307692307693,0.14814814814814814,0.11594202898550725,0.12422360248447205,0.0970873786407767,0.1,0.07804878048780488,0.07547169811320754,0.058823529411764705,0.06329113924050633,0.04926108374384237,0.050955414012738856,0.039603960396039604,0.038461538461538464,0.029850746268656716,0.025806451612903226,0.02,0.012987012987012988,0.010050251256281407,0.0,0.0,0.0,0.0,0.0,0.0,0.0,0.0,0.0,0.0,0.0,0.0,0.0,0.0,0.0,0.0,0.0,0.0,0.0,0.0,0.0,0.0,0.0,0.0,0.0,0.0,0.0,0.0,0.0,0.0,0.0,0.0,0.0,0.0,0.0,0.0,0.0,0.0,3.5,3.5
0.5202645903174417,0.625,0.625,0.0,0.0,0.0,0.0,0.0,0.0,0.0,0.0,0.0,0.0,5.083333333333333,4.420289855072464,1.3559322033898304,1.1764705882352942,0.8793103448275862,0.7611940298507462,0.5964912280701754,0.5151515151515151,0.4107142857142857,0.35384615384615387,0.32727272727272727,0.28125,0.24074074074074073,0.20634920634920634,0.1509433962264151,0.12903225806451613,0.07692307692307693,0.06557377049180328,0.0392156862745098,0.03333333333333333,0.0,0.0,0.0,0.0,0.0,0.0,0.0,0.0,0.0,0.0,0.0,0.0,0.0,0.0,0.0,0.0,0.0,0.0,0.0,0.0,0.0,0.0,0.0,0.0,0.0,0.0,0.0,0.0,0.0,0.0,0.0,0.0,0.0,0.0,0.0,0.0,0.0,0.0,0.0,0.0,0.0,0.0,0.0,0.0,0.0,0.0,0.0,0.0,0.0,0.0,0.0,0.0,0.0,0.0,0.0,0.0,0.0,0.0,0.0,0.0,3.0,4.0
0.9700861856771741,0.75,0.6666666666666666,0.14285714285714285,0.125,0.0,0.0,0.0,0.0,0.0,0.0,0.0,0.0,4.904761904761905,4.414285714285715,1.1774193548387097,1.0579710144927537,0.8360655737704918,0.75,0.7,0.6268656716417911,0.6101694915254238,0.5454545454545454,0.5172413793103449,0.46153846153846156,0.43859649122807015,0.390625,0.35714285714285715,0.31746031746031744,0.2909090909090909,0.25806451612903225,0.24074074074074073,0.21311475409836064,0.18867924528301888,0.16666666666666666,0.1346153846153846,0.11864406779661017,0.09803921568627451,0.08620689655172414,0.08,0.07017543859649122,0.061224489795918366,0.05357142857142857,0.041666666666666664,0.03636363636363636,0.02127659574468085,0.018518518518518517,0.0,0.0,0.0,0.0,0.0,0.0,0.0,0.0,0.0,0.0,0.0,0.0,0.0,0.0,0.0,0.0,0.0,0.0,0.0,0.0,0.0,0.0,0.0,0.0,0.0,0.0,0.0,0.0,0.0,0.0,0.0,0.0,0.0,0.0,0.0,0.0,0.0,0.0,0.0,0.0,0.0,0.0,0.0,0.0,0.0,0.0,4.0,4.0
0.6452869354233639,0.5714285714285714,0.5714285714285714,0.16666666666666666,0.16666666666666666,0.0,0.0,0.0,0.0,0.0,0.0,0.0,0.0,3.82,3.9791666666666665,1.1020408163265305,1.148936170212766,0.6666666666666666,0.6956521739130435,0.5319148936170213,0.5555555555555556,0.43478260869565216,0.45454545454545453,0.35555555555555557,0.37209302325581395,0.2727272727272727,0.2857142857142857,0.20930232558139536,0.21951219512195122,0.14285714285714285,0.15,0.0975609756097561,0.10256410256410256,0.05,0.05263157894736842,0.0,0.0,0.0,0.0,0.0,0.0,0.0,0.0,0.0,0.0,0.0,0.0,0.0,0.0,0.0,0.0,0.0,0.0,0.0,0.0,0.0,0.0,0.0,0.0,0.0,0.0,0.0,0.0,0.0,0.0,0.0,0.0,0.0,0.0,0.0,0.0,0.0,0.0,0.0,0.0,0.0,0.0,0.0,0.0,0.0,0.0,0.0,0.0,0.0,0.0,0.0,0.0,0.0,0.0,0.0,0.0,0.0,0.0,2.5,4.0
0.9969117861056364,1.5,1.4210526315789473,0.47058823529411764,0.4444444444444444,0.25,0.23529411764705882,0.13333333333333333,0.125,0.07142857142857142,0.06666666666666667,0.0,0.0,8.162393162393162,8.37719298245614,1.6982758620689655,1.7433628318584071,1.0434782608695652,1.0714285714285714,0.8070175438596491,0.8288288288288288,0.672566371681416,0.6909090909090909,0.5803571428571429,0.5963302752293578,0.5045045045045045,0.5185185185185185,0.42727272727272725,0.4392523364485981,0.3669724770642202,0.37735849056603776,0.3148148148148148,0.3238095238095238,0.2616822429906542,0.2692307692307692,0.2169811320754717,0.22330097087378642,0.18095238095238095,0.18627450980392157,0.14423076923076922,0.1485148514851485,0.11650485436893204,0.12,0.08823529411764706,0.09090909090909091,0.07920792079207921,0.08163265306122448,0.07,0.07216494845360824,0.06060606060606061,0.0625,0.05102040816326531,0.05263157894736842,0.041237113402061855,0.0425531914893617,0.03125,0.03225806451612903,0.021052631578947368,0.021739130434782608,0.010638297872340425,0.01098901098901099,0.0,0.0,0.0,0.0,0.0,0.0,0.0,0.0,0.0,0.0,0.0,0.0,0.0,0.0,0.0,0.0,0.0,0.0,0.0,0.0,0.0,0.0,0.0,0.0,0.0,0.0,0.0,0.0,0.0,0.0,0.0,0.0,3.5,3.0
0.8597848002206541,0.8,0.6666666666666666,0.0,0.0,0.0,0.0,0.0,0.0,0.0,0.0,0.0,0.0,3.9545454545454546,3.8666666666666667,1.2093023255813953,1.1818181818181819,0.6904761904761905,0.6744186046511628,0.5609756097560976,0.5476190476190477,0.425,0.4146341463414634,0.3333333333333333,0.325,0.23684210526315788,0.23076923076923078,0.1891891891891892,0.18421052631578946,0.1388888888888889,0.13513513513513514,0.08571428571428572,0.08333333333333333,0.058823529411764705,0.05714285714285714,0.030303030303030304,0.029411764705882353,0.0,0.0,0.0,0.0,0.0,0.0,0.0,0.0,0.0,0.0,0.0,0.0,0.0,0.0,0.0,0.0,0.0,0.0,0.0,0.0,0.0,0.0,0.0,0.0,0.0,0.0,0.0,0.0,0.0,0.0,0.0,0.0,0.0,0.0,0.0,0.0,0.0,0.0,0.0,0.0,0.0,0.0,0.0,0.0,0.0,0.0,0.0,0.0,0.0,0.0,0.0,0.0,0.0,0.0,0.0,0.0,2.5,3.5
0.9630824332259994,0.7692307692307693,0.5882352941176471,0.25,0.1875,0.09090909090909091,0.06666666666666667,0.0,0.0,0.0,0.0,0.0,0.0,7.468085106382978,6.267857142857143,1.3978494623655915,1.1711711711711712,0.8804347826086957,0.7363636363636363,0.7142857142857143,0.5963302752293578,0.6111111111111112,0.5092592592592593,0.5393258426966292,0.4485981308411215,0.4659090909090909,0.3867924528301887,0.39080459770114945,0.3238095238095238,0.32558139534883723,0.2692307692307692,0.27058823529411763,0.22330097087378642,0.21428571428571427,0.17647058823529413,0.1686746987951807,0.13861386138613863,0.12195121951219512,0.1,0.08641975308641975,0.0707070707070707,0.05,0.04081632653061224,0.02531645569620253,0.020618556701030927,0.01282051282051282,0.010416666666666666,0.0,0.0,0.0,0.0,0.0,0.0,0.0,0.0,0.0,0.0,0.0,0.0,0.0,0.0,0.0,0.0,0.0,0.0,0.0,0.0,0.0,0.0,0.0,0.0,0.0,0.0,0.0,0.0,0.0,0.0,0.0,0.0,0.0,0.0,0.0,0.0,0.0,0.0,0.0,0.0,0.0,0.0,0.0,0.0,0.0,0.0,2.0,4.0
0.9833685714895153,0.8333333333333334,0.7142857142857143,0.4,0.3333333333333333,0.25,0.2,0.0,0.0,0.0,0.0,0.0,0.0,3.911111111111111,3.52,1.2727272727272727,1.1428571428571428,0.9767441860465116,0.875,0.8333333333333334,0.7446808510638298,0.7317073170731707,0.6521739130434783,0.65,0.5777777777777777,0.5897435897435898,0.5227272727272727,0.5263157894736842,0.46511627906976744,0.5135135135135135,0.4523809523809524,0.5,0.43902439024390244,0.4857142857142857,0.425,0.47058823529411764,0.41025641025641024,0.45454545454545453,0.39473684210526316,0.4375,0.3783783783783784,0.41935483870967744,0.3611111111111111,0.4,0.34285714285714286,0.3793103448275862,0.3235294117647059,0.35714285714285715,0.30303030303030304,0.3333333333333333,0.28125,0.3076923076923077,0.25806451612903225,0.28,0.23333333333333334,0.25,0.20689655172413793,0.21739130434782608,0.17857142857142858,0.18181818181818182,0.14814814814814814,0.14285714285714285,0.11538461538461539,0.1,0.08,0.05263157894736842,0.041666666666666664,0.0,0.0,0.0,0.0,0.0,0.0,0.0,0.0,0.0,0.0,0.0,0.0,0.0,0.0,0.0,0.0,0.0,0.0,0.0,0.0,0.0,0.0,0.0,0.0,0.0,0.0,5.0,5.0
1.0,1.9230769230769231,1.9230769230769231,0.6666666666666666,0.6666666666666666,0.36363636363636365,0.36363636363636365,0.1,0.1,0.0,0.0,0.0,0.0,6.037974683544304,6.037974683544304,1.7179487179487178,1.7179487179487178,1.2207792207792207,1.2207792207792207,1.013157894736842,1.013157894736842,0.8666666666666667,0.8666666666666667,0.7702702702702703,0.7702702702702703,0.6712328767123288,0.6712328767123288,0.5972222222222222,0.5972222222222222,0.5211267605633803,0.5211267605633803,0.44285714285714284,0.44285714285714284,0.36231884057971014,0.36231884057971014,0.3088235294117647,0.3088235294117647,0.26865671641791045,0.26865671641791045,0.22727272727272727,0.22727272727272727,0.18461538461538463,0.18461538461538463,0.140625,0.140625,0.1111111111111111,0.1111111111111111,0.08064516129032258,0.08064516129032258,0.04918032786885246,0.04918032786885246,0.03333333333333333,0.03333333333333333,0.01694915254237288,0.01694915254237288,0.0,0.0,0.0,0.0,0.0,0.0,0.0,0.0,0.0,0.0,0.0,0.0,0.0,0.0,0.0,0.0,0.0,0.0,0.0,0.0,0.0,0.0,0.0,0.0,0.0,0.0,0.0,0.0,0.0,0.0,0.0,0.0,0.0,0.0,0.0,0.0,0.0,0.0,3.5,4.5
0.9480322745267171,0.8,0.5,0.5,0.2857142857142857,0.3333333333333333,0.16666666666666666,0.0,0.0,0.0,0.0,0.0,0.0,3.264705882352941,2.466666666666667,0.8787878787878788,0.6590909090909091,0.625,0.46511627906976744,0.5483870967741935,0.40476190476190477,0.5,0.36585365853658536,0.4482758620689655,0.325,0.39285714285714285,0.28205128205128205,0.3333333333333333,0.23684210526315788,0.2692307692307692,0.1891891891891892,0.2,0.1388888888888889,0.16666666666666666,0.11428571428571428,0.13043478260869565,0.08823529411764706,0.09090909090909091,0.06060606060606061,0.047619047619047616,0.03125,0.0,0.0,0.0,0.0,0.0,0.0,0.0,0.0,0.0,0.0,0.0,0.0,0.0,0.0,0.0,0.0,0.0,0.0,0.0,0.0,0.0,0.0,0.0,0.0,0.0,0.0,0.0,0.0,0.0,0.0,0.0,0.0,0.0,0.0,0.0,0.0,0.0,0.0,0.0,0.0,0.0,0.0,0.0,0.0,0.0,0.0,0.0,0.0,0.0,0.0,0.0,0.0,2.0,5.0
0.9695258276928892,0.6666666666666666,0.4,0.0,0.0,0.0,0.0,0.0,0.0,0.0,0.0,0.0,0.0,5.260869565217392,3.142857142857143,1.0666666666666667,0.631578947368421,0.6590909090909091,0.38666666666666666,0.4883720930232558,0.28378378378378377,0.3333333333333333,0.1917808219178082,0.1951219512195122,0.1111111111111111,0.075,0.04225352112676056,0.02564102564102564,0.014285714285714285,0.0,0.0,0.0,0.0,0.0,0.0,0.0,0.0,0.0,0.0,0.0,0.0,0.0,0.0,0.0,0.0,0.0,0.0,0.0,0.0,0.0,0.0,0.0,0.0,0.0,0.0,0.0,0.0,0.0,0.0,0.0,0.0,0.0,0.0,0.0,0.0,0.0,0.0,0.0,0.0,0.0,0.0,0.0,0.0,0.0,0.0,0.0,0.0,0.0,0.0,0.0,0.0,0.0,0.0,0.0,0.0,0.0,0.0,0.0,0.0,0.0,0.0,0.0,0.0,3.0,4.0
0.9176106560770654,0.8823529411764706,0.8333333333333334,0.3125,0.29411764705882354,0.13333333333333333,0.125,0.07142857142857142,0.06666666666666667,0.0,0.0,0.0,0.0,8.822033898305085,8.822033898305085,1.5982905982905984,1.5982905982905984,0.9224137931034483,0.9224137931034483,0.6782608695652174,0.6782608695652174,0.543859649122807,0.543859649122807,0.46017699115044247,0.46017699115044247,0.39285714285714285,0.39285714285714285,0.32432432432432434,0.32432432432432434,0.2727272727272727,0.2727272727272727,0.23853211009174313,0.23853211009174313,0.2037037037037037,0.2037037037037037,0.17757009345794392,0.17757009345794392,0.16037735849056603,0.16037735849056603,0.14285714285714285,0.14285714285714285,0.125,0.125,0.10679611650485436,0.10679611650485436,0.08823529411764706,0.08823529411764706,0.06930693069306931,0.06930693069306931,0.06,0.06,0.050505050505050504,0.050505050505050504,0.04081632653061224,0.04081632653061224,0.030927835051546393,0.030927835051546393,0.020833333333333332,0.020833333333333332,0.010526315789473684,0.010526315789473684,0.0,0.0,0.0,0.0,0.0,0.0,0.0,0.0,0.0,0.0,0.0,0.0,0.0,0.0,0.0,0.0,0.0,0.0,0.0,0.0,0.0,0.0,0.0,0.0,0.0,0.0,0.0,0.0,0.0,0.0,0.0,0.0,3.0,3.5
0.9618657998368372,0.875,0.7368421052631579,0.26666666666666666,0.2222222222222222,0.14285714285714285,0.11764705882352941,0.07692307692307693,0.0625,0.0,0.0,0.0,0.0,10.572649572649572,9.02919708029197,1.8017241379310345,1.536764705882353,0.9043478260869565,0.7703703703703704,0.6403508771929824,0.5447761194029851,0.5132743362831859,0.43609022556390975,0.42857142857142855,0.36363636363636365,0.36936936936936937,0.31297709923664124,0.32727272727272727,0.27692307692307694,0.29357798165137616,0.24806201550387597,0.25925925925925924,0.21875,0.22429906542056074,0.1889763779527559,0.19811320754716982,0.16666666666666666,0.17142857142857143,0.144,0.15384615384615385,0.12903225806451613,0.13592233009708737,0.11382113821138211,0.11764705882352941,0.09836065573770492,0.10891089108910891,0.09090909090909091,0.1,0.08333333333333333,0.09090909090909091,0.07563025210084033,0.08163265306122448,0.06779661016949153,0.07216494845360824,0.05982905982905983,0.0625,0.05172413793103448,0.05263157894736842,0.043478260869565216,0.0425531914893617,0.03508771929824561,0.03225806451612903,0.02654867256637168,0.021739130434782608,0.017857142857142856,0.01098901098901099,0.009009009009009009,0.0,0.0,0.0,0.0,0.0,0.0,0.0,0.0,0.0,0.0,0.0,0.0,0.0,0.0,0.0,0.0,0.0,0.0,0.0,0.0,0.0,0.0,0.0,0.0,0.0,0.0,3.0,3.5
1.0,1.0,1.0,1.0,1.0,1.0,1.0,0.0,0.0,0.0,0.0,0.0,0.0,2.1818181818181817,2.1818181818181817,1.0952380952380953,1.0952380952380953,1.0,1.0,1.0,1.0,1.0,1.0,1.0,1.0,1.0,1.0,1.0,1.0,1.0,1.0,1.0,1.0,1.0,1.0,1.0,1.0,1.0,1.0,1.0,1.0,1.0,1.0,1.0,1.0,1.0,1.0,1.0,1.0,1.0,1.0,1.0,1.0,1.0,1.0,1.0,1.0,0.0,0.0,0.0,0.0,0.0,0.0,0.0,0.0,0.0,0.0,0.0,0.0,0.0,0.0,0.0,0.0,0.0,0.0,0.0,0.0,0.0,0.0,0.0,0.0,0.0,0.0,0.0,0.0,0.0,0.0,0.0,0.0,0.0,0.0,0.0,0.0,5.0,5.0
0.9357459633103459,1.1481481481481481,0.8857142857142857,0.23076923076923078,0.17647058823529413,0.08,0.06060606060606061,0.041666666666666664,0.03125,0.0,0.0,0.0,0.0,17.01047120418848,14.972350230414747,2.831578947368421,2.490740740740741,1.0687830687830688,0.9395348837209302,0.7393617021276596,0.6495327102803738,0.5508021390374331,0.4835680751173709,0.46236559139784944,0.4056603773584906,0.3945945945945946,0.3459715639810427,0.33695652173913043,0.29523809523809524,0.2896174863387978,0.2535885167464115,0.24725274725274726,0.21634615384615385,0.20994475138121546,0.18357487922705315,0.17222222222222222,0.15048543689320387,0.1564245810055866,0.13658536585365855,0.14606741573033707,0.12745098039215685,0.13559322033898305,0.11822660098522167,0.125,0.10891089108910891,0.12,0.1044776119402985,0.11494252873563218,0.1,0.10982658959537572,0.09547738693467336,0.10465116279069768,0.09090909090909091,0.09941520467836257,0.08629441624365482,0.09411764705882353,0.08163265306122448,0.08875739644970414,0.07692307692307693,0.08333333333333333,0.07216494845360824,0.07784431137724551,0.06735751295336788,0.07228915662650602,0.0625,0.06666666666666667,0.05759162303664921,0.06097560975609756,0.05263157894736842,0.05521472392638037,0.047619047619047616,0.04938271604938271,0.0425531914893617,0.043478260869565216,0.0374331550802139,0.0375,0.03225806451612903,0.031446540880503145,0.02702702702702703,0.02531645569620253,0.021739130434782608,0.01910828025477707,0.01639344262295082,0.01282051282051282,0.01098901098901099,0.0064516129032258064,0.0055248618784530384,0.0,0.0,0.0,0.0,0.0,0.0,3.5,3.5
0.8691862419436197,0.7272727272727273,0.6666666666666666,0.3,0.2727272727272727,0.1111111111111111,0.1,0.0,0.0,0.0,0.0,0.0,0.0,6.614583333333333,7.2988505747126435,1.368421052631579,1.5116279069767442,0.7659574468085106,0.8470588235294118,0.6129032258064516,0.6785714285714286,0.5217391304347826,0.5783132530120482,0.4835164835164835,0.5365853658536586,0.4444444444444444,0.49382716049382713,0.4044943820224719,0.45,0.36363636363636365,0.4050632911392405,0.3218390804597701,0.358974358974359,0.27906976744186046,0.3116883116883117,0.23529411764705882,0.2631578947368421,0.20238095238095238,0.22666666666666666,0.18072289156626506,0.20270270270270271,0.15853658536585366,0.1780821917808219,0.13580246913580246,0.1527777777777778,0.125,0.14084507042253522,0.11392405063291139,0.12857142857142856,0.10256410256410256,0.11594202898550725,0.09090909090909091,0.10294117647058823,0.07894736842105263,0.08955223880597014,0.06666666666666667,0.07575757575757576,0.05405405405405406,0.06153846153846154,0.0410958904109589,0.046875,0.027777777777777776,0.031746031746031744,0.014084507042253521,0.016129032258064516,0.0,0.0,0.0,0.0,0.0,0.0,0.0,0.0,0.0,0.0,0.0,0.0,0.0,0.0,0.0,0.0,0.0,0.0,0.0,0.0,0.0,0.0,0.0,0.0,0.0,0.0,0.0,0.0,4.0,4.0
0.9564293644241048,0.4,0.42857142857142855,0.21428571428571427,0.23076923076923078,0.15384615384615385,0.16666666666666666,0.08333333333333333,0.09090909090909091,0.0,0.0,0.0,0.0,6.7032967032967035,6.630434782608695,0.9888888888888889,0.978021978021978,0.4157303370786517,0.4111111111111111,0.36363636363636365,0.3595505617977528,0.3218390804597701,0.3181818181818182,0.29069767441860467,0.28735632183908044,0.25882352941176473,0.2558139534883721,0.2261904761904762,0.2235294117647059,0.20481927710843373,0.20238095238095238,0.18292682926829268,0.18072289156626506,0.16049382716049382,0.15853658536585366,0.15,0.14814814814814814,0.13924050632911392,0.1375,0.1282051282051282,0.12658227848101267,0.11688311688311688,0.11538461538461539,0.10526315789473684,0.1038961038961039,0.09333333333333334,0.09210526315789473,0.08108108108108109,0.08,0.0684931506849315,0.06756756756756757,0.05555555555555555,0.0547945205479452,0.04225352112676056,0.041666666666666664,0.02857142857142857,0.028169014084507043,0.014492753623188406,0.014285714285714285,0.0,0.0,0.0,0.0,0.0,0.0,0.0,0.0,0.0,0.0,0.0,0.0,0.0,0.0,0.0,0.0,0.0,0.0,0.0,0.0,0.0,0.0,0.0,0.0,0.0,0.0,0.0,0.0,0.0,0.0,0.0,0.0,0.0,0.0,3.0,4.0
0.7869510544504926,0.45454545454545453,0.45454545454545453,0.2,0.2,0.1111111111111111,0.1111111111111111,0.0,0.0,0.0,0.0,0.0,0.0,4.985915492957746,5.2835820895522385,1.0571428571428572,1.121212121212121,0.6376811594202898,0.676923076923077,0.5147058823529411,0.546875,0.44776119402985076,0.47619047619047616,0.3939393939393939,0.41935483870967744,0.3384615384615385,0.36065573770491804,0.296875,0.31666666666666665,0.2698412698412698,0.288135593220339,0.25806451612903225,0.27586206896551724,0.2459016393442623,0.2631578947368421,0.23333333333333334,0.25,0.22033898305084745,0.23636363636363636,0.20689655172413793,0.2222222222222222,0.19298245614035087,0.20754716981132076,0.17857142857142858,0.19230769230769232,0.16363636363636364,0.17647058823529413,0.14814814814814814,0.16,0.1320754716981132,0.14285714285714285,0.11538461538461539,0.125,0.09803921568627451,0.10638297872340426,0.08,0.08695652173913043,0.061224489795918366,0.06666666666666667,0.041666666666666664,0.045454545454545456,0.02127659574468085,0.023255813953488372,0.0,0.0,0.0,0.0,0.0,0.0,0.0,0.0,0.0,0.0,0.0,0.0,0.0,0.0,0.0,0.0,0.0,0.0,0.0,0.0,0.0,0.0,0.0,0.0,0.0,0.0,0.0,0.0,0.0,0.0,2.5,3.0
0.9706159445038046,1.6111111111111112,1.45,0.4117647058823529,0.3684210526315789,0.1875,0.16666666666666666,0.06666666666666667,0.058823529411764705,0.0,0.0,0.0,0.0,9.084033613445378,8.579365079365079,2.1016949152542375,1.984,1.2735042735042734,1.2016129032258065,0.9568965517241379,0.9024390243902439,0.8,0.7540983606557377,0.6578947368421053,0.6198347107438017,0.5309734513274337,0.5,0.4107142857142857,0.3865546218487395,0.3333333333333333,0.3135593220338983,0.3,0.28205128205128205,0.26605504587155965,0.25,0.23148148148148148,0.21739130434782608,0.19626168224299065,0.18421052631578946,0.16981132075471697,0.1592920353982301,0.14285714285714285,0.13392857142857142,0.11538461538461539,0.10810810810810811,0.0970873786407767,0.09090909090909091,0.0784313725490196,0.07339449541284404,0.0594059405940594,0.05555555555555555,0.04,0.037383177570093455,0.020202020202020204,0.018867924528301886,0.0,0.0,0.0,0.0,0.0,0.0,0.0,0.0,0.0,0.0,0.0,0.0,0.0,0.0,0.0,0.0,0.0,0.0,0.0,0.0,0.0,0.0,0.0,0.0,0.0,0.0,0.0,0.0,0.0,0.0,0.0,0.0,0.0,0.0,0.0,0.0,0.0,0.0,4.0,3.5
